nregistro,nombre,pactivos,labtitular,labcomercializador,cn,dosis,formaFarmaceuticaSimplificada,estado_aut,estado_rev,viasAdministracion,comerc,receta,generico,conduc,triangulo,huerfano,biosimilar,url_html_ficha_tecnica,url_foto_materiales,num_registros_atc,num_principios_activos,n_palabras,n_tablas,n_graves,estado_nomenclator,pvp_iva,precio_referencia,tratamiento_larga_duracion,especial_control_medico
80248,AIRFLUSAL FORSPIRO 50 MICROGRAMOS/250 MICROGRAMOS/INHALACION POLVO PARA INHALACION (UNIDOSIS),"FLUTICASONA PROPIONATO, SALMETEROL XINAFOATO",Sandoz Farmaceutica S.A.,Sandoz Farmaceutica S.A.,707896,50 microgramos/250 microgramos,INHALACIÓN PULMONAR,1447110000000,,VÍA INHALATORIA,True,True,False,False,False,False,False,https://cima.aemps.es/cima/dochtml/ft/80248/FT_80248.html,https://cima.aemps.es/cima/fotos/thumbnails/materialas/80248/80248_materialas.jpg,3,2,1543,5,6,ALTA,41.28,41.28,NO,NO
80249,AIRFLUSAL FORSPIRO 50 MICROGRAMOS/500 MICROGRAMOS/INHALACION POLVO PARA INHALACION (UNIDOSIS),"SALMETEROL XINAFOATO, FLUTICASONA PROPIONATO",Sandoz Farmaceutica S.A.,Sandoz Farmaceutica S.A.,707904,50 microgramos/500 microgramos,INHALACIÓN PULMONAR,1447110000000,,VÍA INHALATORIA,True,True,False,False,False,False,False,https://cima.aemps.es/cima/dochtml/ft/80249/FT_80249.html,https://cima.aemps.es/cima/fotos/thumbnails/materialas/80249/80249_materialas.jpg,3,2,1543,5,6,ALTA,41.28,41.28,NO,NO
62839,"ANASMA ACCUHALER 50 microgramos/100 microgramos/INHALACIÓN, POLVO PARA INHALACIÓN","FLUTICASONA PROPIONATO, SALMETEROL XINAFOATO",Glaxosmithkline S.A.,Glaxosmithkline S.A.,842898,"0,1 mg / 0,05 mg",INHALACIÓN PULMONAR,945644400000,,VÍA INHALATORIA,True,True,False,False,False,False,False,https://cima.aemps.es/cima/dochtml/ft/62839/FT_62839.html,https://cima.aemps.es/cima/fotos/thumbnails/materialas/62839/62839_materialas.jpg,3,2,1435,7,9,ALTA,41.28,41.28,NO,NO
62840,"ANASMA ACCUHALER 50 microgramos/250 microgramos/INHALACIÓN, POLVO PARA INHALACIÓN","FLUTICASONA PROPIONATO, SALMETEROL XINAFOATO",Glaxosmithkline S.A.,Glaxosmithkline S.A.,700543,"0,25 mg / 0,05 mg",INHALACIÓN PULMONAR,945644400000,,VÍA INHALATORIA,True,True,False,False,False,False,False,https://cima.aemps.es/cima/dochtml/ft/62840/FT_62840.html,https://cima.aemps.es/cima/fotos/thumbnails/materialas/62840/62840_materialas.jpg,3,2,1436,7,9,ALTA,41.28,41.28,NO,NO
62841,"ANASMA ACCUHALER 50 microgramos/500 microgramos/INHALACIÓN, POLVO PARA INHALACIÓN","FLUTICASONA PROPIONATO, SALMETEROL XINAFOATO",Glaxosmithkline S.A.,Glaxosmithkline S.A.,700544,"0,5 mg / 0,05 mg",INHALACIÓN PULMONAR,945644400000,,VÍA INHALATORIA,True,True,False,False,False,False,False,https://cima.aemps.es/cima/dochtml/ft/62841/FT_62841.html,https://cima.aemps.es/cima/fotos/thumbnails/materialas/62841/62841_materialas.jpg,3,2,1436,7,9,ALTA,41.28,41.28,NO,NO
63924,"ANASMA 25 MICROGRAMOS/125 MICROGRAMOS/INHALACION, SUSPENSION PARA INHALACION EN ENVASE A PRESION","FLUTICASONA PROPIONATO, SALMETEROL XINAFOATO",Glaxosmithkline S.A.,Glaxosmithkline S.A.,816264,25mcg salmeterol/50 mcg  propionato de fluticasona,INHALACIÓN PULMONAR,990655200000,,VÍA INHALATORIA,True,True,False,False,False,False,False,https://cima.aemps.es/cima/dochtml/ft/63924/FT_63924.html,https://cima.aemps.es/cima/fotos/thumbnails/materialas/63924/63924_materialas.jpg,3,2,1398,4,8,ALTA,41.28,41.28,NO,NO
63925,"ANASMA 25 MICROGRAMOS/250 MICROGRAMOS/INHALACION, SUSPENSION PARA INHALACION EN ENVASE A PRESION","FLUTICASONA PROPIONATO, SALMETEROL XINAFOATO",Glaxosmithkline S.A.,Glaxosmithkline S.A.,817684,25 mcg salmeterol/250mcg propionato de fluticasona,INHALACIÓN PULMONAR,990655200000,,VÍA INHALATORIA,True,True,False,False,False,False,False,https://cima.aemps.es/cima/dochtml/ft/63925/FT_63925.html,https://cima.aemps.es/cima/fotos/thumbnails/materialas/63925/63925_materialas.jpg,3,2,1398,4,8,ALTA,41.28,41.28,NO,NO
63923,"ANASMA 25 MICROGRAMOS/50 MICROGRAMOS/INHALACION, SUSPENSION PARA INHALACION EN ENVASE A PRESION","FLUTICASONA PROPIONATO, SALMETEROL XINAFOATO",Glaxosmithkline S.A.,Glaxosmithkline S.A.,813089,25 mcg salmeterol/50 mcg propionato fluticasona,INHALACIÓN PULMONAR,990655200000,,VÍA INHALATORIA,True,True,False,False,False,False,False,https://cima.aemps.es/cima/dochtml/ft/63923/FT_63923.html,https://cima.aemps.es/cima/fotos/thumbnails/materialas/63923/63923_materialas.jpg,3,2,1398,4,8,ALTA,41.28,41.28,NO,NO
52810,BECOTIDE 50 microgramos/inhalación SOLUCION PARA INHALACION EN ENVASE A PRESION,BECLOMETASONA DIPROPIONATO,Glaxosmithkline S.A.,Glaxosmithkline S.A.,715219,50 mcg beclometasona dipropionato,INHALACIÓN PULMONAR,160441200000,,VÍA INHALATORIA,True,True,False,False,False,False,False,https://cima.aemps.es/cima/dochtml/ft/52810/FT_52810.html,https://cima.aemps.es/cima/fotos/thumbnails/materialas/52810/52810_materialas.jpg,3,1,873,1,1,ALTA,3.5,3.5,SI,NO
59522,"BEGLAN ACCUHALER 50 microgramos/inhalación, polvo para inhalación",SALMETEROL XINAFOATO,Glaxosmithkline S.A.,Glaxosmithkline S.A.,667097,salmeterol 50 mcg,INHALACIÓN PULMONAR,717894000000,,VÍA INHALATORIA,True,True,False,False,False,False,False,https://cima.aemps.es/cima/dochtml/ft/59522/FT_59522.html,https://cima.aemps.es/cima/fotos/thumbnails/materialas/59522/59522_materialas.jpg,3,1,1075,4,5,ALTA,29.58,29.58,SI,NO
59523,"BEGLAN 25 microgramos/inhalación, suspensión para inhalación en envase a presión",SALMETEROL XINAFOATO,Glaxosmithkline S.A.,Glaxosmithkline S.A.,667105,"0,294 mg salmeterol hidroxinaftoato",INHALACIÓN PULMONAR,717894000000,,VÍA INHALATORIA,True,True,False,False,False,False,False,https://cima.aemps.es/cima/dochtml/ft/59523/FT_59523.html,https://cima.aemps.es/cima/fotos/thumbnails/materialas/59523/59523_materialas.jpg,3,1,1172,4,7,ALTA,29.58,29.58,SI,NO
1201441006,"BEMRIST BREEZHALER 125 microgramos/127,5 microgramos POLVO PARA INHALACION (CAPSULA DURA)","INDACATEROL ACETATO, MOMETASONA FUROATO",Novartis Europharm Limited,Laboratorios Gebro Pharma S.A.,729878,"125 microgramos/127,5 microgramos",INHALACIÓN PULMONAR,1608131257000,,VÍA INHALATORIA,True,True,False,False,False,False,False,https://cima.aemps.es/cima/dochtml/ft/1201441006/FT_1201441006.html,https://cima.aemps.es/cima/fotos/thumbnails/materialas/1201441006/1201441006_materialas.jpg,3,2,946,4,6,ALTA,41.28,,NO,NO
1201441010,BEMRIST BREEZHALER 125 microgramos/260 microgramos POLVO PARA INHALACION (CAPSULA DURA),"INDACATEROL ACETATO, MOMETASONA FUROATO",Novartis Europharm Limited,Laboratorios Gebro Pharma S.A.,729879,125 microgramos/260 microgramos,INHALACIÓN PULMONAR,1608131267000,,VÍA INHALATORIA,True,True,False,False,False,False,False,https://cima.aemps.es/cima/dochtml/ft/1201441010/FT_1201441010.html,https://cima.aemps.es/cima/fotos/thumbnails/materialas/1201441010/1201441010_materialas.jpg,3,2,946,4,6,ALTA,41.28,,NO,NO
1201441002,"BEMRIST BREEZHALER 125 microgramos/62,5 microgramos POLVO PARA INHALACION (CAPSULA DURA)","INDACATEROL ACETATO, MOMETASONA FUROATO",Novartis Europharm Limited,Novartis Farmaceutica S.A.,729877,"125 microgramos/62,5 microgramos",INHALACIÓN PULMONAR,1608131276000,,VÍA INHALATORIA,True,True,False,False,False,False,False,https://cima.aemps.es/cima/dochtml/ft/1201441002/FT_1201441002.html,https://cima.aemps.es/cima/fotos/thumbnails/materialas/1201441002/1201441002_materialas.jpg,3,2,946,4,6,ALTA,41.28,,NO,NO
59675,BETAMICAN ACCUHALER 50 microgramos/inhalación POLVO PARA INHALACION,SALMETEROL XINAFOATO,Glaxosmithkline S.A.,Glaxosmithkline S.A.,939033,50 µg,INHALACIÓN PULMONAR,723164400000,,VÍA INHALATORIA,True,True,False,False,False,False,False,https://cima.aemps.es/cima/dochtml/ft/59675/FT_59675.html,https://cima.aemps.es/cima/fotos/thumbnails/materialas/59675/59675_materialas.jpg,3,1,1072,5,5,ALTA,29.58,29.58,SI,NO
59676,BETAMICAN 25 microgramos/inhalación SUSPENSION PARA INHALACION EN ENVASE A PRESION,SALMETEROL XINAFOATO,Glaxosmithkline S.A.,Glaxosmithkline S.A.,940320,25 µg salmeterol hidroxinaftoato/aplicación,INHALACIÓN PULMONAR,723164400000,,VÍA INHALATORIA,True,True,False,False,False,False,False,https://cima.aemps.es/cima/dochtml/ft/59676/FT_59676.html,https://cima.aemps.es/cima/fotos/thumbnails/materialas/59676/59676_materialas.jpg,3,1,1170,4,6,ALTA,29.58,29.58,SI,NO
89439,BIBECFO 100 MICROGRAMOS/6 MICROGRAMOS/PULSACION SOLUCION PARA INHALACION EN ENVASE A PRESION,"FORMOTEROL FUMARATO DIHIDRATO, BECLOMETASONA DIPROPIONATO",Cipla Europe N.V.,Cipla Europe Nv Sucursal En Espana,764529,100 microgramos/6 microgramos/pulsación,INHALACIÓN PULMONAR,1710249691000,,VÍA INHALATORIA,True,True,False,False,False,False,False,https://cima.aemps.es/cima/dochtml/ft/89439/FT_89439.html,https://cima.aemps.es/cima/fotos/thumbnails/materialas/89439/89439_materialas.jpg,3,2,1462,1,8,ALTA,31.36,31.36,NO,NO
89440,BIBECFO 200 MICROGRAMOS/6 MICROGRAMOS/PULSACION SOLUCION PARA INHALACION EN ENVASE A PRESION,"BECLOMETASONA DIPROPIONATO, FORMOTEROL FUMARATO DIHIDRATO",Cipla Europe N.V.,Cipla Europe Nv Sucursal En Espana,764531,200 microgramos/6 microgramos/pulsación,INHALACIÓN PULMONAR,1710249694000,,VÍA INHALATORIA,True,True,False,False,False,False,False,https://cima.aemps.es/cima/dochtml/ft/89440/FT_89440.html,https://cima.aemps.es/cima/fotos/thumbnails/materialas/89440/89440_materialas.jpg,3,2,1260,1,4,ALTA,31.36,31.36,NO,NO
67037,BRONCORAL NEO 12 microgramos/PULSACION SOLUCION PARA INHALACION EN ENVASE A PRESION,FORMOTEROL FUMARATO DIHIDRATO,Chiesi España S.A.U.,Chiesi España S.A.U.,652118,12 mcg/pulsación,INHALACIÓN PULMONAR,1125957600000,,VÍA INHALATORIA,True,True,False,False,False,False,False,https://cima.aemps.es/cima/dochtml/ft/67037/FT_67037.html,https://cima.aemps.es/cima/fotos/thumbnails/materialas/67037/67037_materialas.jpg,3,1,694,1,5,ALTA,37.7,37.7,SI,NO
66943,"BUDESONIDA ALDO-UNION 0,25 mg/ml SUSPENSION PARA INHALACION POR NEBULIZADOR",BUDESONIDA,Laboratorio Aldo Union S.L.,Laboratorio Aldo Union S.L.,651628,"0,25 mg budesonida/ml",INHALACIÓN PULMONAR,1121637600000,,VÍA INHALATORIA,True,True,True,False,False,False,False,https://cima.aemps.es/cima/dochtml/ft/66943/FT_66943.html,https://cima.aemps.es/cima/fotos/thumbnails/materialas/66943/66943_materialas.jpg,3,1,1227,2,4,ALTA,6.15,6.15,SI,NO
66942,"BUDESONIDA ALDO-UNION 0,5 mg/ml SUSPENSION PARA INHALACION POR NEBULIZADOR",BUDESONIDA,Laboratorio Aldo Union S.L.,Laboratorio Aldo Union S.L.,651626,"0,5 mg budesonida/ml",INHALACIÓN PULMONAR,1121637600000,,VÍA INHALATORIA,True,True,True,False,False,False,False,https://cima.aemps.es/cima/dochtml/ft/66942/FT_66942.html,https://cima.aemps.es/cima/fotos/thumbnails/materialas/66942/66942_materialas.jpg,3,1,1227,2,4,ALTA,12.3,12.3,SI,NO
83987,BUDESONIDA ALDO-UNION 100 MICROGRAMOS/PULSACION SUSPENSION PARA INHALACION EN ENVASE A PRESION,BUDESONIDA,Laboratorio Aldo Union S.L.,Laboratorio Aldo Union S.L.,725241,100 microgramos,INHALACIÓN PULMONAR,1554192499000,,VÍA INHALATORIA,True,True,False,False,False,False,False,https://cima.aemps.es/cima/dochtml/ft/83987/FT_83987.html,https://cima.aemps.es/cima/fotos/thumbnails/materialas/83987/83987_materialas.jpg,3,1,504,0,1,ALTA,12.3,12.3,SI,NO
61664,BUDESONIDA ALDO-UNION 200 microgramos/pulsación SUSPENSIÓN PARA INHALACIÓN EN ENVASE A PRESIÓN,BUDESONIDA,Laboratorio Aldo Union S.L.,Laboratorio Aldo Union S.L.,672718,"0,04000 g",INHALACIÓN PULMONAR,886287600000,,VÍA INHALATORIA,True,True,False,False,False,False,False,https://cima.aemps.es/cima/dochtml/ft/61664/FT_61664.html,https://cima.aemps.es/cima/fotos/thumbnails/materialas/61664/61664_materialas.jpg,3,1,486,0,2,ALTA,13.33,13.33,SI,NO
61663,BUDESONIDA ALDO-UNION 50 microgramos/pulsación SUSPENSIÓN PARA INHALACIÓN EN ENVASE A PRESIÓN,BUDESONIDA,Laboratorio Aldo Union S.L.,Laboratorio Aldo Union S.L.,668905,"0,01000 g",INHALACIÓN PULMONAR,886287600000,,VÍA INHALATORIA,True,True,False,False,False,False,False,https://cima.aemps.es/cima/dochtml/ft/61663/FT_61663.html,https://cima.aemps.es/cima/fotos/thumbnails/materialas/61663/61663_materialas.jpg,3,1,486,0,1,ALTA,7.56,7.56,SI,NO
73873,DEFLAZACORT CINFA 30 mg COMPRIMIDOS EFG,DEFLAZACORT,Laboratorios Cinfa S.A.,Laboratorios Cinfa S.A.,679562,30 mg,COMPRIMIDO,1302645600000,,VÍA ORAL,True,True,True,False,False,False,False,https://cima.aemps.es/cima/dochtml/ft/73873/FT_73873.html,https://cima.aemps.es/cima/fotos/thumbnails/materialas/73873/73873_materialas.jpg,3,1,410,0,0,ALTA,2.67,2.67,SI,NO
73872,DEFLAZACORT CINFA 6 mg COMPRIMIDOS EFG,DEFLAZACORT,Laboratorios Cinfa S.A.,Laboratorios Cinfa S.A.,679561,6 mg,COMPRIMIDO,1302645600000,,VÍA ORAL,True,True,True,False,False,False,False,https://cima.aemps.es/cima/dochtml/ft/73872/FT_73872.html,https://cima.aemps.es/cima/fotos/thumbnails/materialas/73872/73872_materialas.jpg,3,1,410,0,0,ALTA,2.25,2.25,SI,NO
64926,DEFLAZACORT SANDOZ 30 mg COMPRIMIDOS EFG,DEFLAZACORT,Sandoz Farmaceutica S.A.,Sandoz Farmaceutica S.A.,790725,30 mg,COMPRIMIDO,1032991200000,1740071897000.0,VÍA ORAL,False,True,True,False,False,False,False,https://cima.aemps.es/cima/dochtml/ft/64926/FT_64926.html,https://cima.aemps.es/cima/fotos/thumbnails/materialas/64926/64926_materialas.jpg,3,1,388,1,0,BAJA GENERAL,2.67,2.67,SI,NO
64918,DEFLAZACORT SANDOZ 6 mg COMPRIMIDOS EFG,DEFLAZACORT,Sandoz Farmaceutica S.A.,Sandoz Farmaceutica S.A.,786129,6 mg,COMPRIMIDO,1026684000000,1740071892000.0,VÍA ORAL,False,True,True,False,False,False,False,https://cima.aemps.es/cima/dochtml/ft/64918/FT_64918.html,https://cima.aemps.es/cima/fotos/thumbnails/materialas/64918/64918_materialas.jpg,3,1,388,1,0,BAJA GENERAL,2.5,2.5,SI,NO
66990,DEFLAZACORT STADA 30 mg COMPRIMIDOS EFG,DEFLAZACORT,Laboratorio Stada S.L.,Laboratorio Stada S.L.,651966,30 mg,COMPRIMIDO,1123106400000,1741347300000.0,VÍA ORAL,False,True,True,False,False,False,False,https://cima.aemps.es/cima/dochtml/ft/66990/FT_66990.html,https://cima.aemps.es/cima/fotos/thumbnails/materialas/66990/66990_materialas.jpg,3,1,470,1,1,BAJA GENERAL,2.67,2.67,SI,NO
66989,DEFLAZACORT STADA 6 mg COMPRIMIDOS EFG,DEFLAZACORT,Laboratorio Stada S.L.,Laboratorio Stada S.L.,651965,6 mg,COMPRIMIDO,1123106400000,1741346941000.0,VÍA ORAL,False,True,True,False,False,False,False,https://cima.aemps.es/cima/dochtml/ft/66989/FT_66989.html,https://cima.aemps.es/cima/fotos/thumbnails/materialas/66989/66989_materialas.jpg,3,1,470,1,1,BAJA GENERAL,2.5,2.5,SI,NO
60480,"FLIXOTIDE ACCUHALER 100 MICROGRAMOS/INHALACION, POLVO PARA INHALACION",FLUTICASONA PROPIONATO,Glaxosmithkline S.A.,Glaxosmithkline S.A.,689729,100 µg,INHALACIÓN PULMONAR,862437600000,,VÍA INHALATORIA,True,True,False,False,False,False,False,https://cima.aemps.es/cima/dochtml/ft/60480/FT_60480.html,https://cima.aemps.es/cima/fotos/thumbnails/materialas/60480/60480_materialas.jpg,3,1,1113,4,4,ALTA,6.49,6.49,NO,NO
60482,"FLIXOTIDE ACCUHALER 500 MICROGRAMOS/INHALACION, POLVO PARA INHALACION",FLUTICASONA PROPIONATO,Glaxosmithkline S.A.,Glaxosmithkline S.A.,689687,500 µg,INHALACIÓN PULMONAR,862437600000,,VÍA INHALATORIA,True,True,False,False,False,False,False,https://cima.aemps.es/cima/dochtml/ft/60482/FT_60482.html,https://cima.aemps.es/cima/fotos/thumbnails/materialas/60482/60482_materialas.jpg,3,1,1113,4,4,ALTA,31.47,31.47,NO,NO
60479,"FLIXOTIDE 250 MICROGRAMOS/INHALACIÓN, SUSPENSIÓN PARA INHALACIÓN EN ENVASE A PRESIÓN",FLUTICASONA PROPIONATO,Glaxosmithkline S.A.,Glaxosmithkline S.A.,689745,250 mcg fluticasona propionato,INHALACIÓN PULMONAR,862437600000,,VÍA INHALATORIA,True,True,False,False,False,False,False,https://cima.aemps.es/cima/dochtml/ft/60479/FT_60479.html,https://cima.aemps.es/cima/fotos/thumbnails/materialas/60479/60479_materialas.jpg,3,1,1116,4,4,ALTA,31.47,31.47,NO,NO
60477,"FLIXOTIDE 50 MICROGRAMOS/INHALACION, SUSPENSIÓN PARA INHALACIÓN EN ENVASE A PRESIÓN",FLUTICASONA PROPIONATO,Glaxosmithkline S.A.,Glaxosmithkline S.A.,689786,50 mcg fluticasona propionato,INHALACIÓN PULMONAR,862437600000,,VÍA INHALATORIA,True,True,False,False,False,False,False,https://cima.aemps.es/cima/dochtml/ft/60477/FT_60477.html,https://cima.aemps.es/cima/fotos/thumbnails/materialas/60477/60477_materialas.jpg,3,1,1116,4,4,ALTA,6.49,6.49,NO,NO
60528,"FLUSONAL ACCUHALER 100 MICROGRAMOS/INHALACION, POLVO PARA INHALACION",FLUTICASONA PROPIONATO,Glaxosmithkline S.A.,Glaxosmithkline S.A.,689083,100 mcg fluticasona propionato/aplicación,INHALACIÓN PULMONAR,865116000000,,VÍA INHALATORIA,True,True,False,False,False,False,False,https://cima.aemps.es/cima/dochtml/ft/60528/FT_60528.html,https://cima.aemps.es/cima/fotos/thumbnails/materialas/60528/60528_materialas.jpg,3,1,1116,4,4,ALTA,6.49,6.49,NO,NO
60530,"FLUSONAL ACCUHALER 500 MICROGRAMOS/INHALACION, POLVO PARA INHALACION",FLUTICASONA PROPIONATO,Glaxosmithkline S.A.,Glaxosmithkline S.A.,689042,500 mcg fluticasona propionato,INHALACIÓN PULMONAR,865116000000,,VÍA INHALATORIA,True,True,False,False,False,False,False,https://cima.aemps.es/cima/dochtml/ft/60530/FT_60530.html,https://cima.aemps.es/cima/fotos/thumbnails/materialas/60530/60530_materialas.jpg,3,1,1116,4,4,ALTA,31.47,31.47,NO,NO
60527,"FLUSONAL 250 MICROGRAMOS/INHALACION, SUSPENSION PARA INHALACION EN ENVASE A PRESION",FLUTICASONA PROPIONATO,Glaxosmithkline S.A.,Glaxosmithkline S.A.,689109,250 mcg fluticasona propionato/aplicación,INHALACIÓN PULMONAR,865116000000,,VÍA INHALATORIA,True,True,False,False,False,False,False,https://cima.aemps.es/cima/dochtml/ft/60527/FT_60527.html,https://cima.aemps.es/cima/fotos/thumbnails/materialas/60527/60527_materialas.jpg,3,1,1116,4,4,ALTA,31.47,31.47,NO,NO
60525,"FLUSONAL 50 MICROGRAMOS/INHALACION, SUSPENSION PARA INHALACION EN ENVASE A PRESION",FLUTICASONA PROPIONATO,Glaxosmithkline S.A.,Glaxosmithkline S.A.,689141,50 mcg fluticasona propionato/aplicación,INHALACIÓN PULMONAR,865116000000,,VÍA INHALATORIA,True,True,False,False,False,False,False,https://cima.aemps.es/cima/dochtml/ft/60525/FT_60525.html,https://cima.aemps.es/cima/fotos/thumbnails/materialas/60525/60525_materialas.jpg,3,1,1116,4,4,ALTA,6.49,6.49,NO,NO
78536,FLUTIFORM 125 MICROGRAMOS / 5 MICROGRAMOS/ INHALACION SUPSENSION PARA INHALACION EN ENVASE A PRESION,"FLUTICASONA PROPIONATO, FORMOTEROL FUMARATO DIHIDRATO",Mundipharma Pharmaceuticals S.L.,Mundipharma Pharmaceuticals S.L.,701717,125 microgramos/5 microgramos/dosis,INHALACIÓN PULMONAR,1393974000000,,VÍA INHALATORIA,True,True,False,False,False,False,False,https://cima.aemps.es/cima/dochtml/ft/78536/FT_78536.html,https://cima.aemps.es/cima/fotos/thumbnails/materialas/78536/78536_materialas.jpg,3,2,1639,1,4,ALTA,45.79,,NO,NO
78537,FLUTIFORM 250 MICROGRAMOS / 10 MICROGRAMOS/ INHALACION SUSPENSION PARA INHALACION EN ENVASE A PRESION,"FLUTICASONA PROPIONATO, FORMOTEROL FUMARATO DIHIDRATO",Mundipharma Pharmaceuticals S.L.,Mundipharma Pharmaceuticals S.L.,701718,250 microgramos/10 microgramos/dosis,INHALACIÓN PULMONAR,1393974000000,,VÍA INHALATORIA,True,True,False,False,False,False,False,https://cima.aemps.es/cima/dochtml/ft/78537/FT_78537.html,https://cima.aemps.es/cima/fotos/thumbnails/materialas/78537/78537_materialas.jpg,3,2,1637,1,4,ALTA,66.78,,NO,NO
78538,FLUTIFORM 50 MICROGRAMOS / 5 MICROGRAMOS/ INHALACION SUSPENSION PARA INHALACION EN ENVASE A PRESION,"FLUTICASONA PROPIONATO, FORMOTEROL FUMARATO DIHIDRATO",Mundipharma Pharmaceuticals S.L.,Mundipharma Pharmaceuticals S.L.,701719,50 microgramos/5 microgramos/dosis,INHALACIÓN PULMONAR,1393974000000,,VÍA INHALATORIA,True,True,False,False,False,False,False,https://cima.aemps.es/cima/dochtml/ft/78538/FT_78538.html,https://cima.aemps.es/cima/fotos/thumbnails/materialas/78538/78538_materialas.jpg,3,2,1637,1,4,ALTA,32.86,,NO,NO
62197,FORADIL AEROLIZER 12 microgramos POLVO PARA INHALACIÓN (CÁPSULA DURA),FORMOTEROL FUMARATO DIHIDRATO,Bexal Farmaceutica S.A.,Bexal Farmaceutica S.A.,657775,12 mcg formoterol fumarato,INHALACIÓN PULMONAR,904600800000,,VÍA INHALATORIA,True,True,False,False,False,False,False,https://cima.aemps.es/cima/dochtml/ft/62197/FT_62197.html,https://cima.aemps.es/cima/fotos/thumbnails/materialas/62197/62197_materialas.jpg,3,1,945,3,14,ALTA,22.62,22.62,SI,NO
76740,FORMODUAL NEXTHALER 100 MICROGRAMOS/6 MICROGRAMOS INHALACION POLVO PARA INHALACION,"BECLOMETASONA DIPROPIONATO, FORMOTEROL FUMARATO DIHIDRATO",Chiesi España S.A.U.,Chiesi España S.A.U.,700582,100 microgramos/6 microgramos,INHALACIÓN PULMONAR,1352715199000,,VÍA INHALATORIA,True,True,False,False,False,False,False,https://cima.aemps.es/cima/dochtml/ft/76740/FT_76740.html,https://cima.aemps.es/cima/fotos/thumbnails/materialas/76740/76740_materialas.jpg,3,2,1363,6,12,ALTA,40.32,40.32,NO,NO
80708,FORMODUAL NEXTHALER 200 MICROGRAMOS/6 MICROGRAMOS POR INHALACION POLVO PARA INHALACION,"BECLOMETASONA DIPROPIONATO, FORMOTEROL FUMARATO DIHIDRATO",Chiesi España S.A.U.,Chiesi España S.A.U.,710249,200 microgramos/6 microgramos/dosis,INHALACIÓN PULMONAR,1456959600000,,VÍA INHALATORIA,True,True,False,False,False,False,False,https://cima.aemps.es/cima/dochtml/ft/80708/FT_80708.html,https://cima.aemps.es/cima/fotos/thumbnails/materialas/80708/80708_materialas.jpg,3,2,1144,2,10,ALTA,40.32,40.32,NO,NO
68809,FORMODUAL 100 MICROGRAMOS /6 MICROGRAMOS/PULSACION SOLUCION PARA INHALACION EN ENVASE A PRESION,"BECLOMETASONA DIPROPIONATO, FORMOTEROL FUMARATO DIHIDRATO",Chiesi España S.A.U.,Chiesi España S.A.U.,659075,100 microgramos/6 microgramos,INHALACIÓN PULMONAR,1179784800000,,VÍA INHALATORIA,True,True,False,False,False,False,False,https://cima.aemps.es/cima/dochtml/ft/68809/FT_68809.html,https://cima.aemps.es/cima/fotos/thumbnails/materialas/68809/68809_materialas.jpg,3,2,1461,2,8,ALTA,40.32,40.32,NO,NO
80600,FORMODUAL 200 MICROGRAMOS /6 MICROGRAMOS/PULSACION SOLUCION PARA INHALACION EN ENVASE A PRESION,"BECLOMETASONA DIPROPIONATO, FORMOTEROL FUMARATO DIHIDRATO",Chiesi España S.A.U.,Chiesi España S.A.U.,709802,200/6 microgramos/pulsación,INHALACIÓN PULMONAR,1456182000000,,VÍA INHALATORIA,True,True,False,False,False,False,False,https://cima.aemps.es/cima/dochtml/ft/80600/FT_80600.html,https://cima.aemps.es/cima/fotos/thumbnails/materialas/80600/80600_materialas.jpg,3,2,1249,2,5,ALTA,40.32,40.32,NO,NO
66573,FORMOTEROL STADA 12 MICROGRAMOS POLVO PARA INHALACIÓN (CÁPSULA DURA),FORMOTEROL FUMARATO DIHIDRATO,Laboratorio Stada S.L.,Laboratorio Stada S.L.,650684,12 MCG,INHALACIÓN PULMONAR,1107298800000,,VÍA INHALATORIA,True,True,True,False,False,False,False,https://cima.aemps.es/cima/dochtml/ft/66573/FT_66573.html,https://cima.aemps.es/cima/fotos/thumbnails/materialas/66573/66573_materialas.jpg,3,1,935,1,14,ALTA,22.54,22.54,SI,NO
76713,FOSTER NEXTHALER 100 MICROGRAMOS/6 MICROGRAMOS/INHALACION POLVO PARA INHALACION,"BECLOMETASONA DIPROPIONATO, FORMOTEROL FUMARATO DIHIDRATO",Chiesi España S.A.U.,Chiesi España S.A.U.,700581,100 microgramos/6 microgramos,INHALACIÓN PULMONAR,1351622032000,,VÍA INHALATORIA,True,True,False,False,False,False,False,https://cima.aemps.es/cima/dochtml/ft/76713/FT_76713.html,https://cima.aemps.es/cima/fotos/thumbnails/materialas/76713/76713_materialas.jpg,3,2,1363,6,12,ALTA,40.32,40.32,NO,NO
80707,FOSTER NEXTHALER 200 MICROGRAMOS/6 MICROGRAMOS POR INHALACION POLVO PARA INHALACION,"BECLOMETASONA DIPROPIONATO, FORMOTEROL FUMARATO DIHIDRATO",Chiesi España S.A.U.,Chiesi España S.A.U.,710247,200 microgramos/6 microgramos/dosis,INHALACIÓN PULMONAR,1456959600000,,VÍA INHALATORIA,True,True,False,False,False,False,False,https://cima.aemps.es/cima/dochtml/ft/80707/FT_80707.html,https://cima.aemps.es/cima/fotos/thumbnails/materialas/80707/80707_materialas.jpg,3,2,1144,2,10,ALTA,40.32,40.32,NO,NO
68802,FOSTER 100 MICROGRAMOS /6 MICROGRAMOS/PULSACION SOLUCION PARA INHALACION EN ENVASE A PRESION,"BECLOMETASONA DIPROPIONATO, FORMOTEROL FUMARATO DIHIDRATO",Chiesi España S.A.U.,Chiesi España S.A.U.,659065,100 microgramos/6 microgramos,INHALACIÓN PULMONAR,1179698400000,,VÍA INHALATORIA,True,True,False,False,False,False,False,https://cima.aemps.es/cima/dochtml/ft/68802/FT_68802.html,https://cima.aemps.es/cima/fotos/thumbnails/materialas/68802/68802_materialas.jpg,3,2,1462,2,8,ALTA,40.32,40.32,NO,NO
80599,FOSTER 200 MICROGRAMOS /6 MICROGRAMOS/PULSACION SOLUCION PARA INHALACION EN ENVASE A PRESION,"BECLOMETASONA DIPROPIONATO, FORMOTEROL FUMARATO DIHIDRATO",Chiesi España S.A.U.,Chiesi España S.A.U.,709801,200/6 microgramos/pulsación,INHALACIÓN PULMONAR,1456182000000,,VÍA INHALATORIA,True,True,False,False,False,False,False,https://cima.aemps.es/cima/dochtml/ft/80599/FT_80599.html,https://cima.aemps.es/cima/fotos/thumbnails/materialas/80599/80599_materialas.jpg,3,2,1249,2,5,ALTA,40.32,40.32,NO,NO
78813,"GIBITER EASYHALER 160 MICROGRAMOS/4,5 MICROGRAMOS/INHALACION POLVO PARA INHALACION","BUDESONIDA, FORMOTEROL FUMARATO DIHIDRATO",Menarini International Operations Luxembourg S.A.,Laboratorios Menarini S.A.,723302,160 microgramos/4.5 microgramos,INHALACIÓN PULMONAR,1401746400000,,VÍA INHALATORIA,True,True,False,False,False,False,False,https://cima.aemps.es/cima/dochtml/ft/78813/FT_78813.html,https://cima.aemps.es/cima/fotos/thumbnails/materialas/78813/78813_materialas.jpg,3,2,1696,2,7,ALTA,39.56,39.56,NO,NO
78803,GIBITER EASYHALER 320 MICROGRAMOS/9 MICROGRAMOS/INHALACION POLVO PARA INHALACION,"BUDESONIDA, FORMOTEROL FUMARATO DIHIDRATO",Menarini International Operations Luxembourg S.A.,Laboratorios Menarini S.A.,723299,320 MICROGRAMOS/9 MICROGRAMOS,INHALACIÓN PULMONAR,1401454513000,,VÍA INHALATORIA,True,True,False,False,False,False,False,https://cima.aemps.es/cima/dochtml/ft/78803/FT_78803.html,https://cima.aemps.es/cima/fotos/thumbnails/materialas/78803/78803_materialas.jpg,3,2,1652,1,4,ALTA,39.56,39.56,NO,NO
60689,"INALACOR ACCUHALER 100 MICROGRAMOS/INHALACIÓN, POLVO PARA INHALACIÓN",FLUTICASONA PROPIONATO,Glaxosmithkline S.A.,Glaxosmithkline S.A.,686139,100 mcg,INHALACIÓN PULMONAR,867708000000,,VÍA INHALATORIA,True,True,False,False,False,False,False,https://cima.aemps.es/cima/dochtml/ft/60689/FT_60689.html,https://cima.aemps.es/cima/fotos/thumbnails/materialas/60689/60689_materialas.jpg,3,1,1116,4,4,ALTA,6.49,6.49,NO,NO
60691,INALACOR ACCUHALER 500 MICROGRAMOS/INHALACIÓN POLVO PARA INHALACIÓN,FLUTICASONA PROPIONATO,Glaxosmithkline S.A.,Glaxosmithkline S.A.,686097,500 mcg,INHALACIÓN PULMONAR,867708000000,,VÍA INHALATORIA,True,True,False,False,False,False,False,https://cima.aemps.es/cima/dochtml/ft/60691/FT_60691.html,https://cima.aemps.es/cima/fotos/thumbnails/materialas/60691/60691_materialas.jpg,3,1,1114,4,4,ALTA,31.47,31.47,NO,NO
60688,INALACOR 250 MICROGRAMOS/INHALACIÓN SUSPENSIÓN PARA INHALACIÓN EN ENVASE A PRESIÓN,FLUTICASONA PROPIONATO,Glaxosmithkline S.A.,Glaxosmithkline S.A.,686154,"0,25 mg",INHALACIÓN PULMONAR,867708000000,,VÍA INHALATORIA,True,True,False,False,False,False,False,https://cima.aemps.es/cima/dochtml/ft/60688/FT_60688.html,https://cima.aemps.es/cima/fotos/thumbnails/materialas/60688/60688_materialas.jpg,3,1,1116,4,4,ALTA,31.47,31.47,NO,NO
60686,INALACOR 50 MICROGRAMOS/INHALACIÓN SUSPENSIÓN PARA INHALACIÓN EN ENVASE A PRESIÓN,FLUTICASONA PROPIONATO,Glaxosmithkline S.A.,Glaxosmithkline S.A.,686196,"0,05 mg",INHALACIÓN PULMONAR,867708000000,,VÍA INHALATORIA,True,True,False,False,False,False,False,https://cima.aemps.es/cima/dochtml/ft/60686/FT_60686.html,https://cima.aemps.es/cima/fotos/thumbnails/materialas/60686/60686_materialas.jpg,3,1,1116,4,4,ALTA,6.49,6.49,NO,NO
62867,"INALADUO ACCUHALER 50 microgramos/100 microgramos/INHALACIÓN, POLVO PARA INHALACIÓN","FLUTICASONA PROPIONATO, SALMETEROL XINAFOATO",Glaxosmithkline S.A.,Glaxosmithkline S.A.,848671,100 µg / 50 µg,INHALACIÓN PULMONAR,946940400000,,VÍA INHALATORIA,True,True,False,False,False,False,False,https://cima.aemps.es/cima/dochtml/ft/62867/FT_62867.html,https://cima.aemps.es/cima/fotos/thumbnails/materialas/62867/62867_materialas.jpg,3,2,1433,6,9,ALTA,41.28,41.28,NO,NO
62868,"INALADUO ACCUHALER 50 microgramos/250 microgramos/INHALACIÓN, POLVO PARA INHALACIÓN","FLUTICASONA PROPIONATO, SALMETEROL XINAFOATO",Glaxosmithkline S.A.,Glaxosmithkline S.A.,700545,250 µg / 50 µg,INHALACIÓN PULMONAR,946940400000,,VÍA INHALATORIA,True,True,False,False,False,False,False,https://cima.aemps.es/cima/dochtml/ft/62868/FT_62868.html,https://cima.aemps.es/cima/fotos/thumbnails/materialas/62868/62868_materialas.jpg,3,2,1433,10,14,ALTA,41.28,41.28,NO,NO
62869,"INALADUO ACCUHALER 50 microgramos/500 microgramos/INHALACIÓN, POLVO PARA INHALACIÓN","FLUTICASONA PROPIONATO, SALMETEROL XINAFOATO",Glaxosmithkline S.A.,Glaxosmithkline S.A.,700546,500 µg / 50 µg,INHALACIÓN PULMONAR,946940400000,,VÍA INHALATORIA,True,True,False,False,False,False,False,https://cima.aemps.es/cima/dochtml/ft/62869/FT_62869.html,https://cima.aemps.es/cima/fotos/thumbnails/materialas/62869/62869_materialas.jpg,3,2,1433,10,14,ALTA,41.28,41.28,NO,NO
64065,"INALADUO 25 microgramos/125 microgramos/ INHALACIÓN, SUSPENSIÓN PARA INHALACIÓN EN ENVASE A PRESIÓN","FLUTICASONA PROPIONATO, SALMETEROL XINAFOATO",Glaxosmithkline S.A.,Glaxosmithkline S.A.,909820,-,INHALACIÓN PULMONAR,994716000000,,VÍA INHALATORIA,True,True,False,False,False,False,False,https://cima.aemps.es/cima/dochtml/ft/64065/FT_64065.html,https://cima.aemps.es/cima/fotos/thumbnails/materialas/64065/64065_materialas.jpg,3,2,1398,4,8,ALTA,41.28,41.28,NO,NO
64066,"INALADUO 25 microgramos/250 microgramos/ INHALACIÓN, SUSPENSIÓN PARA INHALACIÓN EN ENVASE A PRESIÓN","FLUTICASONA PROPIONATO, SALMETEROL XINAFOATO",Glaxosmithkline S.A.,Glaxosmithkline S.A.,911610,-,INHALACIÓN PULMONAR,994716000000,,VÍA INHALATORIA,True,True,False,False,False,False,False,https://cima.aemps.es/cima/dochtml/ft/64066/FT_64066.html,https://cima.aemps.es/cima/fotos/thumbnails/materialas/64066/64066_materialas.jpg,3,2,1398,4,8,ALTA,41.28,41.28,NO,NO
64064,"INALADUO 25 microgramos/50 microgramos/ INHALACIÓN, SUSPENSIÓN PARA INHALACIÓN EN ENVASE A PRESIÓN","FLUTICASONA PROPIONATO, SALMETEROL XINAFOATO",Glaxosmithkline S.A.,Glaxosmithkline S.A.,906842,-,INHALACIÓN PULMONAR,994716000000,,VÍA INHALATORIA,True,True,False,False,False,False,False,https://cima.aemps.es/cima/dochtml/ft/64064/FT_64064.html,https://cima.aemps.es/cima/fotos/thumbnails/materialas/64064/64064_materialas.jpg,3,2,1398,4,8,ALTA,41.28,41.28,NO,NO
59526,"INASPIR ACCUHALER 50 microgramos/inhalacion, POLVO PARA INHALACION",SALMETEROL XINAFOATO,Glaxosmithkline S.A.,Glaxosmithkline S.A.,937318,50 mcg salmeterol,INHALACIÓN PULMONAR,717894000000,,VÍA INHALATORIA,True,True,False,False,False,False,False,https://cima.aemps.es/cima/dochtml/ft/59526/FT_59526.html,https://cima.aemps.es/cima/fotos/thumbnails/materialas/59526/59526_materialas.jpg,3,1,1070,4,5,ALTA,29.58,29.58,SI,NO
59527,INASPIR 25 microgramos/inhalacion SUSPENSION PARA INHALACION EN ENVASE A PRESION,SALMETEROL XINAFOATO,Glaxosmithkline S.A.,Glaxosmithkline S.A.,936989,25 mcg salmeterol/aplicación,INHALACIÓN PULMONAR,717894000000,,VÍA INHALATORIA,True,True,False,False,False,False,False,https://cima.aemps.es/cima/dochtml/ft/59527/FT_59527.html,https://cima.aemps.es/cima/fotos/thumbnails/materialas/59527/59527_materialas.jpg,3,1,1170,4,6,ALTA,29.58,29.58,SI,NO
71864,METILPREDNISOLONA NORMON 20 mg POLVO Y DISOLVENTE PARA SOLUCION INYECTABLE EFG,"METILPREDNISOLONA, HIDROGENOSUCCINATO DE",Laboratorios Normon S.A.,Laboratorios Normon S.A.,682811,20 mg,INYECTABLE,1264719600000,,VÍA INTRAMUSCULAR,True,True,True,False,False,False,False,https://cima.aemps.es/cima/dochtml/ft/71864/FT_71864.html,https://cima.aemps.es/cima/fotos/thumbnails/materialas/71864/71864_materialas.jpg,3,1,1457,0,7,ALTA,1.37,1.37,NO,NO
71866,METILPREDNISOLONA NORMON 40 mg POLVO Y DISOLVENTE PARA SOLUCION INYECTABLE EFG,"METILPREDNISOLONA, HIDROGENOSUCCINATO DE",Laboratorios Normon S.A.,Laboratorios Normon S.A.,682812,40 mg,INYECTABLE,1264719600000,,VÍA INTRAMUSCULAR,True,True,True,False,False,False,False,https://cima.aemps.es/cima/dochtml/ft/71866/FT_71866.html,https://cima.aemps.es/cima/fotos/thumbnails/materialas/71866/71866_materialas.jpg,3,1,1457,0,7,ALTA,1.48,1.48,NO,NO
63197,MIFLONIDE BREEZHALER 200 MICROGRAMOS POLVO PARA INHALACION (CAPSULA DURA),BUDESONIDA,Novartis Farmaceutica S.A.,Novartis Farmaceutica S.A.,888255,200 microgramos,INHALACIÓN PULMONAR,962316000000,,VÍA INHALATORIA,False,True,False,False,False,False,False,https://cima.aemps.es/cima/dochtml/ft/63197/FT_63197.html,https://cima.aemps.es/cima/fotos/thumbnails/materialas/63197/63197_materialas.jpg,3,1,1250,2,1,SUSPENSION TEMPORAL GENERAL,7.35,7.35,SI,NO
63198,MIFLONIDE BREEZHALER 400 MICROGRAMOS POLVO PARA INHALACION (CAPSULA DURA),BUDESONIDA,Novartis Farmaceutica S.A.,Novartis Farmaceutica S.A.,888289,400 microgramos,INHALACIÓN PULMONAR,962316000000,,VÍA INHALATORIA,False,True,False,False,False,False,False,https://cima.aemps.es/cima/dochtml/ft/63198/FT_63198.html,https://cima.aemps.es/cima/fotos/thumbnails/materialas/63198/63198_materialas.jpg,3,1,1250,2,1,SUSPENSION TEMPORAL GENERAL,14.71,14.71,SI,NO
75844,MONTELUKAST NORMON 10 mg COMPRIMIDOS RECUBIERTOS CON PELICULA EFG,MONTELUKAST SODICO,Laboratorios Normon S.A.,Laboratorios Normon S.A.,689528,10 mg,COMPRIMIDO,1335477600000,,VÍA ORAL,True,True,True,False,False,False,False,https://cima.aemps.es/cima/dochtml/ft/75844/FT_75844.html,https://cima.aemps.es/cima/fotos/thumbnails/materialas/75844/75844_materialas.jpg,3,1,380,2,2,ALTA,21.06,21.06,NO,NO
74176,MONTELUKAST NORMON 4 mg GRANULADO EFG,MONTELUKAST SODICO,Laboratorios Normon S.A.,Laboratorios Normon S.A.,680984,4 mg,SOLUCIÓN/SUSPENSIÓN ORAL,1307311200000,,VÍA ORAL,True,True,True,False,False,False,False,https://cima.aemps.es/cima/dochtml/ft/74176/FT_74176.html,https://cima.aemps.es/cima/fotos/thumbnails/materialas/74176/74176_materialas.jpg,3,1,368,2,4,ALTA,16.84,16.84,NO,NO
74237,MONTELUKAST NORMON 5 mg COMPRIMIDOS MASTICABLES EFG,MONTELUKAST SODICO,Laboratorios Normon S.A.,Laboratorios Normon S.A.,681232,5 mg,COMPRIMIDO MASTICABLE,1308002400000,,VÍA ORAL,True,True,True,False,False,False,False,https://cima.aemps.es/cima/dochtml/ft/74237/FT_74237.html,https://cima.aemps.es/cima/fotos/thumbnails/materialas/74237/74237_materialas.jpg,3,1,398,2,4,ALTA,21.06,21.06,NO,NO
72259,MONTELUKAST SANDOZ 10 mg COMPRIMIDOS RECUBIERTOS CON PELICULA EFG,MONTELUKAST SODICO,Sandoz Farmaceutica S.A.,Sandoz Farmaceutica S.A.,670074,10 mg,COMPRIMIDO,1277848800000,,VÍA ORAL,True,True,True,False,False,False,False,https://cima.aemps.es/cima/dochtml/ft/72259/FT_72259.html,https://cima.aemps.es/cima/fotos/thumbnails/materialas/72259/72259_materialas.jpg,3,1,377,3,2,ALTA,21.06,21.06,NO,NO
72109,MONTELUKAST SANDOZ 4 mg COMPRIMIDOS MASTICABLES EFG,MONTELUKAST SODICO,Sandoz Farmaceutica S.A.,Sandoz Farmaceutica S.A.,669070,4 MG,COMPRIMIDO MASTICABLE,1295823600000,,VÍA ORAL,True,True,True,False,False,False,False,https://cima.aemps.es/cima/dochtml/ft/72109/FT_72109.html,https://cima.aemps.es/cima/fotos/thumbnails/materialas/72109/72109_materialas.jpg,3,1,458,3,4,ALTA,16.84,16.84,NO,NO
73802,MONTELUKAST SANDOZ 4 mg GRANULADO EFG,MONTELUKAST SODICO,Sandoz Farmaceutica S.A.,Sandoz Farmaceutica S.A.,678593,4 mg,SOLUCIÓN/SUSPENSIÓN ORAL,1301954400000,,VÍA ORAL,False,True,True,False,False,False,False,https://cima.aemps.es/cima/dochtml/ft/73802/FT_73802.html,https://cima.aemps.es/cima/fotos/thumbnails/materialas/73802/73802_materialas.jpg,3,1,383,3,4,BAJA POR NO COMERCIALIZAR,16.84,16.84,NO,NO
72110,MONTELUKAST SANDOZ 5 mg COMPRIMIDOS MASTICABLES EFG,MONTELUKAST SODICO,Sandoz Farmaceutica S.A.,Sandoz Farmaceutica S.A.,669092,5 mg,COMPRIMIDO MASTICABLE,1295823600000,,VÍA ORAL,True,True,True,False,False,False,False,https://cima.aemps.es/cima/dochtml/ft/72110/FT_72110.html,https://cima.aemps.es/cima/fotos/thumbnails/materialas/72110/72110_materialas.jpg,3,1,457,3,4,ALTA,21.06,21.06,NO,NO
72590,MONTELUKAST STADA 10 mg COMPRIMIDOS RECUBIERTOS CON PELICULA EFG,MONTELUKAST SODICO,Laboratorio Stada S.L.,Laboratorio Stada S.L.,665728,10 mg,COMPRIMIDO,1280268000000,,VÍA ORAL,True,True,True,False,False,False,False,https://cima.aemps.es/cima/dochtml/ft/72590/FT_72590.html,https://cima.aemps.es/cima/fotos/thumbnails/materialas/72590/72590_materialas.jpg,3,1,374,3,2,ALTA,21.06,21.06,NO,NO
72593,MONTELUKAST STADA 4 mg COMPRIMIDOS MASTICABLES EFG,MONTELUKAST SODICO,Laboratorio Stada S.L.,Laboratorio Stada S.L.,665726,4 mg,COMPRIMIDO MASTICABLE,1280268000000,,VÍA ORAL,True,True,True,False,False,False,False,https://cima.aemps.es/cima/dochtml/ft/72593/FT_72593.html,https://cima.aemps.es/cima/fotos/thumbnails/materialas/72593/72593_materialas.jpg,3,1,362,3,4,ALTA,16.84,16.84,NO,NO
72591,MONTELUKAST STADA 5 mg COMPRIMIDOS MASTICABLES EFG,MONTELUKAST SODICO,Laboratorio Stada S.L.,Laboratorio Stada S.L.,665727,5 mg,COMPRIMIDO MASTICABLE,1280268000000,,VÍA ORAL,True,True,True,False,False,False,False,https://cima.aemps.es/cima/dochtml/ft/72591/FT_72591.html,https://cima.aemps.es/cima/fotos/thumbnails/materialas/72591/72591_materialas.jpg,3,1,362,3,4,ALTA,21.06,21.06,NO,NO
74116,MONTELUKAST TECNIGEN 10 mg COMPRIMIDOS RECUBIERTOS CON PELICULA EFG,MONTELUKAST SODICO,Tecnimede España Industria Farmaceutica S.A.,Tecnimede España Industria Farmaceutica S.A.,680798,10 mg,COMPRIMIDO,1306274400000,,VÍA ORAL,True,True,True,False,False,False,False,https://cima.aemps.es/cima/dochtml/ft/74116/FT_74116.html,https://cima.aemps.es/cima/fotos/thumbnails/materialas/74116/74116_materialas.jpg,3,1,366,2,2,ALTA,21.06,21.06,NO,NO
73409,MONTELUKAST VIATRIS 10 MG COMPRIMIDOS RECUBIERTOS CON PELICULA EFG,MONTELUKAST SODICO,Viatris Limited,Viatris Pharmaceuticals S.L.,677323,10 mg,COMPRIMIDO,1296601200000,,VÍA ORAL,True,True,True,False,False,False,False,https://cima.aemps.es/cima/dochtml/ft/73409/FT_73409.html,https://cima.aemps.es/cima/fotos/thumbnails/materialas/73409/73409_materialas.jpg,3,1,347,2,2,ALTA,21.06,21.06,NO,NO
74086,MONTELUKAST VIATRIS 4 MG COMPRIMIDOS MASTICABLES EFG,MONTELUKAST SODICO,Viatris Limited,Viatris Pharmaceuticals S.L.,680734,4 mg,COMPRIMIDO MASTICABLE,1317938400000,,VÍA ORAL,True,True,True,False,False,False,False,https://cima.aemps.es/cima/dochtml/ft/74086/FT_74086.html,https://cima.aemps.es/cima/fotos/thumbnails/materialas/74086/74086_materialas.jpg,3,1,390,2,3,ALTA,16.84,16.84,NO,NO
74085,MONTELUKAST VIATRIS 5 MG COMPRIMIDOS MASTICABLES EFG,MONTELUKAST SODICO,Viatris Limited,Viatris Pharmaceuticals S.L.,680715,5 mg,COMPRIMIDO MASTICABLE,1317938400000,,VÍA ORAL,True,True,True,False,False,False,False,https://cima.aemps.es/cima/dochtml/ft/74085/FT_74085.html,https://cima.aemps.es/cima/fotos/thumbnails/materialas/74085/74085_materialas.jpg,3,1,391,2,3,ALTA,21.06,21.06,NO,NO
61666,"OXIS TURBUHALER 4,5 microgramos/INHALACION POLVO PARA INHALACION",FORMOTEROL FUMARATO DIHIDRATO,Laboratorio Beta S.A.,Laboratorio Beta S.A.,668871,"4,5 mcg formoterol fumarato dihidrato/ inhalación",INHALACIÓN PULMONAR,880930800000,,VÍA INHALATORIA,True,True,False,False,False,False,False,https://cima.aemps.es/cima/dochtml/ft/61666/FT_61666.html,https://cima.aemps.es/cima/fotos/thumbnails/materialas/61666/61666_materialas.jpg,3,1,686,1,3,ALTA,11.3,11.3,SI,NO
61667,OXIS TURBUHALER 9 microgramos/INHALACION POLVO PARA INHALACION,FORMOTEROL FUMARATO DIHIDRATO,Laboratorio Beta S.A.,Laboratorio Beta S.A.,668863,9 mcg formoterol fumarato dihidrato/inhalación,INHALACIÓN PULMONAR,880930800000,,VÍA INHALATORIA,True,True,False,False,False,False,False,https://cima.aemps.es/cima/dochtml/ft/61667/FT_61667.html,https://cima.aemps.es/cima/fotos/thumbnails/materialas/61667/61667_materialas.jpg,3,1,685,1,3,ALTA,22.62,22.62,SI,NO
63870,"PLUSVENT 25 microgramos/125 microgramos/inhalación, suspensión para inhalación envase a presión","FLUTICASONA PROPIONATO, SALMETEROL",Glaxosmithkline S.A.,Glaxosmithkline S.A.,932228,25 mcg salmeterol / 125 mcg propionato fluticasona,INHALACIÓN PULMONAR,988322400000,,VÍA INHALATORIA,True,True,False,False,False,False,False,https://cima.aemps.es/cima/dochtml/ft/63870/FT_63870.html,https://cima.aemps.es/cima/fotos/thumbnails/materialas/63870/63870_materialas.jpg,3,2,1402,4,8,ALTA,41.28,41.28,NO,NO
63871,"PLUSVENT 25 microgramos/250 microgramos/inhalación, suspensión para inhalación envase a presión","FLUTICASONA PROPIONATO, SALMETEROL",Glaxosmithkline S.A.,Glaxosmithkline S.A.,932236,25 mcg salmeterol/ 250 mcg fluticasona propionato,INHALACIÓN PULMONAR,988322400000,,VÍA INHALATORIA,True,True,False,False,False,False,False,https://cima.aemps.es/cima/dochtml/ft/63871/FT_63871.html,https://cima.aemps.es/cima/fotos/thumbnails/materialas/63871/63871_materialas.jpg,3,2,1402,4,8,ALTA,41.28,41.28,NO,NO
63869,"PLUSVENT 25 microgramos/50 microgramos/inhalación, suspensión para inhalación envase a presión","FLUTICASONA PROPIONATO, SALMETEROL",Glaxosmithkline S.A.,Glaxosmithkline S.A.,932178,25 mcg salmeterol/ 50 mcg fluticasona propionato,INHALACIÓN PULMONAR,988322400000,,VÍA INHALATORIA,True,True,False,False,False,False,False,https://cima.aemps.es/cima/dochtml/ft/63869/FT_63869.html,https://cima.aemps.es/cima/fotos/thumbnails/materialas/63869/63869_materialas.jpg,3,2,1402,4,8,ALTA,41.28,41.28,NO,NO
75649,PREDNISONA CINFA 10 mg COMPRIMIDOS,PREDNISONA,Laboratorios Cinfa S.A.,Laboratorios Cinfa S.A.,688717,10 mg prednisona/comprimido,COMPRIMIDO,1332252391000,,VÍA ORAL,True,True,False,False,False,False,False,https://cima.aemps.es/cima/dochtml/ft/75649/FT_75649.html,https://cima.aemps.es/cima/fotos/thumbnails/materialas/75649/75649_materialas.jpg,3,1,960,0,7,ALTA,2.5,2.5,SI,NO
75644,"PREDNISONA CINFA 2,5 mg COMPRIMIDOS EFG",PREDNISONA,Laboratorios Cinfa S.A.,Laboratorios Cinfa S.A.,688704,"2,5 mg prednisona/comprimido",COMPRIMIDO,1332252392000,,VÍA ORAL,True,True,True,False,False,False,False,https://cima.aemps.es/cima/dochtml/ft/75644/FT_75644.html,https://cima.aemps.es/cima/fotos/thumbnails/materialas/75644/75644_materialas.jpg,3,1,960,0,7,ALTA,1.89,1.89,SI,NO
75676,PREDNISONA CINFA 30 mg COMPRIMIDOS EFG,PREDNISONA,Laboratorios Cinfa S.A.,Laboratorios Cinfa S.A.,688760,30 mg prednisona/comprimido,COMPRIMIDO,1332372140000,,VÍA ORAL,True,True,True,False,False,False,False,https://cima.aemps.es/cima/dochtml/ft/75676/FT_75676.html,https://cima.aemps.es/cima/fotos/thumbnails/materialas/75676/75676_materialas.jpg,3,1,960,0,7,ALTA,3.76,3.76,SI,NO
75647,PREDNISONA CINFA 5 mg COMPRIMIDOS EFG,PREDNISONA,Laboratorios Cinfa S.A.,Laboratorios Cinfa S.A.,688711,5 mg prednisona/comprimido,COMPRIMIDO,1332252392000,,VÍA ORAL,True,True,True,False,False,False,False,https://cima.aemps.es/cima/dochtml/ft/75647/FT_75647.html,https://cima.aemps.es/cima/fotos/thumbnails/materialas/75647/75647_materialas.jpg,3,1,960,0,7,ALTA,1.95,1.95,SI,NO
62046,PULMICORT TURBUHALER 100 microgramos/inhalacion POLVO PARA INHALACION,BUDESONIDA,Astrazeneca Farmaceutica Spain S.A.,Astrazeneca Farmaceutica Spain S.A.,660910,100 mcg budesonida/inhalación (dosis liberada),INHALACIÓN PULMONAR,907192800000,,VÍA INHALATORIA,True,True,False,False,False,False,False,https://cima.aemps.es/cima/dochtml/ft/62046/FT_62046.html,https://cima.aemps.es/cima/fotos/thumbnails/materialas/62046/62046_materialas.jpg,3,1,1072,3,4,ALTA,12.25,12.25,SI,NO
59254,PULMICORT TURBUHALER 200 microgramos/inhalación POLVO PARA INHALACION,BUDESONIDA,Astrazeneca Farmaceutica Spain S.A.,Astrazeneca Farmaceutica Spain S.A.,651927,200 µg budesonida/inhalación (dosis liberada),INHALACIÓN PULMONAR,702079200000,,VÍA INHALATORIA,True,True,False,False,False,False,False,https://cima.aemps.es/cima/dochtml/ft/59254/FT_59254.html,https://cima.aemps.es/cima/fotos/thumbnails/materialas/59254/59254_materialas.jpg,3,1,1072,3,4,ALTA,12.25,12.25,SI,NO
59255,PULMICORT TURBUHALER 400 microgramos/inhalación POLVO PARA INHALACION,BUDESONIDA,Astrazeneca Farmaceutica Spain S.A.,Astrazeneca Farmaceutica Spain S.A.,885640,400 mcg budesonida/ inhalación,INHALACIÓN PULMONAR,702079200000,,VÍA INHALATORIA,True,True,False,False,False,False,False,https://cima.aemps.es/cima/dochtml/ft/59255/FT_59255.html,https://cima.aemps.es/cima/fotos/thumbnails/materialas/59255/59255_materialas.jpg,3,1,1072,3,4,ALTA,24.52,24.52,SI,NO
113886005,RELVAR ELLIPTA 184 MCG/22 MCG POLVO PARA INHALACION (UNIDODIS),"VILANTEROL TRIFENATATO, FLUTICASONA FUROATO",Glaxosmithkline Trading Services Limited,Glaxosmithkline S.A.,700812,184 microgramos/22 microgramos,INHALACIÓN PULMONAR,1386802800000,,VÍA INHALATORIA,True,True,False,False,False,False,False,https://cima.aemps.es/cima/dochtml/ft/113886005/FT_113886005.html,https://cima.aemps.es/cima/fotos/thumbnails/materialas/113886005/113886005_materialas.jpg,3,2,785,3,17,ALTA,44.8,,NO,NO
113886002,RELVAR ELLIPTA 92 MCG/22 MCG POLVO PARA INHALACION (UNIDODIS),"VILANTEROL TRIFENATATO, FLUTICASONA FUROATO",Glaxosmithkline Trading Services Limited,Glaxosmithkline S.A.,700811,92 microgramos/22 microgramos,INHALACIÓN PULMONAR,1386802800000,,VÍA INHALATORIA,True,True,False,False,False,False,False,https://cima.aemps.es/cima/dochtml/ft/113886002/FT_113886002.html,https://cima.aemps.es/cima/fotos/thumbnails/materialas/113886002/113886002_materialas.jpg,3,2,796,4,20,ALTA,44.8,,NO,NO
114929005,REVINTY ELLIPTA 184 MICROGRAMOS/22 MICROGRAMOS POLVO PARA INHALACION (UNIDOSIS),"FLUTICASONA FUROATO, VILANTEROL",Glaxosmithkline Trading Services Limited,Faes Farma S.A.,722406,184 microgramos/22 microgramos,INHALACIÓN PULMONAR,1532963846000,,VÍA INHALATORIA,True,True,False,False,False,False,False,https://cima.aemps.es/cima/dochtml/ft/114929005/FT_114929005.html,https://cima.aemps.es/cima/fotos/thumbnails/materialas/114929005/114929005_materialas.jpg,3,2,785,3,17,ALTA,44.8,,NO,NO
114929002,REVINTY ELLIPTA 92 MICROGRAMOS/22 MICROGRAMOS POLVO PARA INHALACION (UNIDOSIS),"FLUTICASONA FUROATO, VILANTEROL",Glaxosmithkline Trading Services Limited,Faes Farma S.A.,722404,92 microgramos/22 microgramos,INHALACIÓN PULMONAR,1532901600000,,VÍA INHALATORIA,True,True,False,False,False,False,False,https://cima.aemps.es/cima/dochtml/ft/114929002/FT_114929002.html,https://cima.aemps.es/cima/fotos/thumbnails/materialas/114929002/114929002_materialas.jpg,3,2,796,4,20,ALTA,44.8,,NO,NO
60500,RIBUJET 200 MICROGRAMOS/PULSACION SOLUCION PARA INHALACION EN ENVASE A PRESION,BUDESONIDA,Chiesi España S.A.U.,Chiesi España S.A.U.,654335,200 microgramos/dosis,INHALACIÓN PULMONAR,786236400000,1710249749000.0,VÍA INHALATORIA,False,True,False,False,False,False,False,https://cima.aemps.es/cima/dochtml/ft/60500/FT_60500.html,https://cima.aemps.es/cima/fotos/thumbnails/materialas/60500/60500_materialas.jpg,3,1,1319,1,0,BAJA GENERAL,22.35,22.35,SI,NO
65045,RILAST FORTE TURBUHALER 320 microgramos/9 microgramos/INHALACION POLVO PARA INHALACION,"BUDESONIDA, FORMOTEROL FUMARATO",Laboratorio Tau S.A.,Laboratorio Tau S.A.,723312,320 MCG / 9 MCG,INHALACIÓN PULMONAR,1034892000000,,VÍA INHALATORIA,True,True,False,False,False,False,False,https://cima.aemps.es/cima/dochtml/ft/65045/FT_65045.html,https://cima.aemps.es/cima/fotos/thumbnails/materialas/65045/65045_materialas.jpg,3,2,1631,1,4,ALTA,39.56,39.56,NO,NO
64353,"RILAST TURBUHALER 160 microgramos/4,5 microgramos/INHALACION POLVO PARA INHALACION","BUDESONIDA, FORMOTEROL FUMARATO",Laboratorio Tau S.A.,Laboratorio Tau S.A.,723315,"160 microgramos / 4,5 microgramos",INHALACIÓN PULMONAR,1006124400000,,VÍA INHALATORIA,True,True,False,False,False,False,False,https://cima.aemps.es/cima/dochtml/ft/64353/FT_64353.html,https://cima.aemps.es/cima/fotos/thumbnails/materialas/64353/64353_materialas.jpg,3,2,1717,2,6,ALTA,39.56,39.56,NO,NO
64354,"RILAST TURBUHALER 80 microgramos/4,5 microgramos/INHALACION POLVO PARA INHALACION","BUDESONIDA, FORMOTEROL FUMARATO",Laboratorio Tau S.A.,Laboratorio Tau S.A.,723306,80 mcg / 4.5 mcg,INHALACIÓN PULMONAR,1006124400000,,VÍA INHALATORIA,True,True,False,False,False,False,False,https://cima.aemps.es/cima/dochtml/ft/64354/FT_64354.html,https://cima.aemps.es/cima/fotos/thumbnails/materialas/64354/64354_materialas.jpg,3,2,1545,2,6,ALTA,39.56,39.56,NO,NO
73563,SALBUAIR 2.5 mg SOLUCION PARA INHALACION POR NEBULIZADOR,SALBUTAMOL SULFATO,Laboratorio Aldo Union S.L.,Laboratorio Aldo Union S.L.,677362,0.12% P/V SALBUTAMOL SULFATO,INHALACIÓN PULMONAR,1298329200000,,VÍA INHALATORIA,True,True,False,False,False,False,False,https://cima.aemps.es/cima/dochtml/ft/73563/FT_73563.html,https://cima.aemps.es/cima/fotos/thumbnails/materialas/73563/73563_materialas.jpg,3,1,758,0,4,ALTA,18.37,18.37,SI,NO
73562,SALBUAIR 5 mg SOLUCION PARA INHALACION POR NEBULIZADOR,SALBUTAMOL SULFATO,Laboratorio Aldo Union S.L.,Laboratorio Aldo Union S.L.,677363,0.24% P/V SALBUTAMOL SULFATO,INHALACIÓN PULMONAR,1298329200000,,VÍA INHALATORIA,True,True,False,False,False,False,False,https://cima.aemps.es/cima/dochtml/ft/73562/FT_73562.html,https://cima.aemps.es/cima/fotos/thumbnails/materialas/73562/73562_materialas.jpg,3,1,758,0,4,ALTA,26.3,26.3,SI,NO
65850,SALBUTAMOL ALDO-UNION 100 microgramos/dosis SUSPENSION PARA INHALACION EN ENVASE A PRESION,SALBUTAMOL SULFATO,Laboratorio Aldo Union S.L.,Laboratorio Aldo Union S.L.,797183,100 microgramos/aplicación,INHALACIÓN PULMONAR,1073862000000,,VÍA INHALATORIA,True,True,True,False,False,False,False,https://cima.aemps.es/cima/dochtml/ft/65850/FT_65850.html,https://cima.aemps.es/cima/fotos/thumbnails/materialas/65850/65850_materialas.jpg,3,1,559,0,7,ALTA,4.71,4.71,SI,NO
63797,"SERETIDE 25 microgramos/125 microgramos/INHALACIÓN, SUSPENSIÓN PARA INHALACIÓN EN ENVASE A PRESIÓN","SALMETEROL, FLUTICASONA PROPIONATO",Glaxosmithkline S.A.,Glaxosmithkline S.A.,874578,25 mcg/125 mcg,INHALACIÓN PULMONAR,986162400000,,VÍA INHALATORIA,True,True,False,False,False,False,False,https://cima.aemps.es/cima/dochtml/ft/63797/FT_63797.html,https://cima.aemps.es/cima/fotos/thumbnails/materialas/63797/63797_materialas.jpg,3,2,1397,4,8,ALTA,41.28,41.28,NO,NO
63798,"SERETIDE 25 microgramos/250 microgramos/INHALACIÓN, SUSPENSIÓN PARA INHALACIÓN EN ENVASE A PRESIÓN","FLUTICASONA PROPIONATO, SALMETEROL",Glaxosmithkline S.A.,Glaxosmithkline S.A.,874586,25 mcg/250 mcg,INHALACIÓN PULMONAR,986162400000,,VÍA INHALATORIA,True,True,False,False,False,False,False,https://cima.aemps.es/cima/dochtml/ft/63798/FT_63798.html,https://cima.aemps.es/cima/fotos/thumbnails/materialas/63798/63798_materialas.jpg,3,2,1397,4,8,ALTA,41.28,41.28,NO,NO
63796,"SERETIDE 25 microgramos/50 microgramos/INHALACIÓN, SUSPENSIÓN PARA INHALACIÓN EN ENVASE A PRESIÓN","SALMETEROL, FLUTICASONA PROPIONATO",Glaxosmithkline S.A.,Glaxosmithkline S.A.,874354,25 mcg/50 mcg,INHALACIÓN PULMONAR,986162400000,,VÍA INHALATORIA,True,True,False,False,False,False,False,https://cima.aemps.es/cima/dochtml/ft/63796/FT_63796.html,https://cima.aemps.es/cima/fotos/thumbnails/materialas/63796/63796_materialas.jpg,3,2,1397,4,8,ALTA,41.28,41.28,NO,NO
59489,"SEREVENT ACCUHALER 50 microgramos/inhalación, polvo para inhalación",SALMETEROL,Glaxosmithkline S.A.,Glaxosmithkline S.A.,670513,50 µg,INHALACIÓN PULMONAR,709941600000,,VÍA INHALATORIA,True,True,False,False,False,False,False,https://cima.aemps.es/cima/dochtml/ft/59489/FT_59489.html,https://cima.aemps.es/cima/fotos/thumbnails/materialas/59489/59489_materialas.jpg,3,1,1072,4,5,ALTA,29.58,29.58,SI,NO
59490,"SEREVENT 25 microgramos/inhalación, suspensión para inhalación en envase a presión",SALMETEROL XINAFOATO,Glaxosmithkline S.A.,Glaxosmithkline S.A.,670497,25 mcg salmeterol hidroxinaftoato,INHALACIÓN PULMONAR,709941600000,,VÍA INHALATORIA,True,True,False,False,False,False,False,https://cima.aemps.es/cima/dochtml/ft/59490/FT_59490.html,https://cima.aemps.es/cima/fotos/thumbnails/materialas/59490/59490_materialas.jpg,3,1,1170,4,6,ALTA,29.58,29.58,SI,NO
61980,SINGULAIR 10 mg COMPRIMIDOS RECUBIERTOS CON PELICULA,MONTELUKAST SODICO,Organon Salud S.L.,Organon Salud S.L.,662056,10 mg,COMPRIMIDO,888706800000,,VÍA ORAL,True,True,False,False,False,False,False,https://cima.aemps.es/cima/dochtml/ft/61980/FT_61980.html,https://cima.aemps.es/cima/fotos/thumbnails/materialas/61980/61980_materialas.jpg,3,1,379,2,2,ALTA,21.06,21.06,NO,NO
63673,SINGULAIR 4 mg COMPRIMIDOS MASTICABLES,MONTELUKAST SODICO,Organon Salud S.L.,Organon Salud S.L.,709394,4 mg,COMPRIMIDO MASTICABLE,982278000000,,VÍA ORAL,True,True,False,False,False,False,False,https://cima.aemps.es/cima/dochtml/ft/63673/FT_63673.html,https://cima.aemps.es/cima/fotos/thumbnails/materialas/63673/63673_materialas.jpg,3,1,448,2,4,ALTA,16.84,16.84,NO,NO
65429,SINGULAIR 4 mg GRANULADO,MONTELUKAST SODICO,Organon Salud S.L.,Organon Salud S.L.,840645,4 mg,SOLUCIÓN/SUSPENSIÓN ORAL,1055282400000,,VÍA ORAL,False,True,False,False,False,False,False,https://cima.aemps.es/cima/dochtml/ft/65429/FT_65429.html,https://cima.aemps.es/cima/fotos/thumbnails/materialas/65429/65429_materialas.jpg,3,1,372,2,4,ALTA,16.84,16.84,NO,NO
61979,SINGULAIR 5 MG COMPRIMIDOS MASTICABLES,MONTELUKAST SODICO,Organon Salud S.L.,Organon Salud S.L.,662064,5 mg,COMPRIMIDO MASTICABLE,888706800000,,VÍA ORAL,True,True,False,False,False,False,False,https://cima.aemps.es/cima/dochtml/ft/61979/FT_61979.html,https://cima.aemps.es/cima/fotos/thumbnails/materialas/61979/61979_materialas.jpg,3,1,457,2,4,ALTA,21.06,21.06,NO,NO
84742,SOPROBEC 100 MICROGRAMOS/INHALACION SOLUCION PARA INHALACION EN ENVASE A PRESION,BECLOMETASONA DIPROPIONATO,Glenmark Arzneimittel Gmbh,Glenmark Farmaceutica S.L.U,727639,100 microgramos/inhalacion,INHALACIÓN PULMONAR,1608216985000,,VÍA INHALATORIA,False,True,False,False,False,False,False,https://cima.aemps.es/cima/dochtml/ft/84742/FT_84742.html,https://cima.aemps.es/cima/fotos/thumbnails/materialas/84742/84742_materialas.jpg,3,1,804,1,1,BAJA POR NO COMERCIALIZAR,6.99,6.99,SI,NO
84744,SOPROBEC 200 MICROGRAMOS/INHALACION SOLUCION PARA INHALACION EN ENVASE A PRESION,BECLOMETASONA DIPROPIONATO,Glenmark Arzneimittel Gmbh,Glenmark Farmaceutica S.L.U,727642,200 microgramos/pulsacion,INHALACIÓN PULMONAR,1608216985000,,VÍA INHALATORIA,False,True,False,False,False,False,False,https://cima.aemps.es/cima/dochtml/ft/84744/FT_84744.html,https://cima.aemps.es/cima/fotos/thumbnails/materialas/84744/84744_materialas.jpg,3,1,805,1,1,BAJA POR NO COMERCIALIZAR,13.99,13.99,SI,NO
84743,SOPROBEC 250 MICROGRAMOS/INHALACION SOLUCION PARA INHALACION EN ENVASE A PRESION,BECLOMETASONA DIPROPIONATO,Glenmark Arzneimittel Gmbh,Glenmark Farmaceutica S.L.U,727641,250 microgramos/pulsacion,INHALACIÓN PULMONAR,1608216969000,,VÍA INHALATORIA,False,True,False,False,False,False,False,https://cima.aemps.es/cima/dochtml/ft/84743/FT_84743.html,https://cima.aemps.es/cima/fotos/thumbnails/materialas/84743/84743_materialas.jpg,3,1,803,1,0,BAJA POR NO COMERCIALIZAR,17.48,17.48,SI,NO
84741,SOPROBEC 50 MICROGRAMOS/INHALACION SOLUCION PARA INHALACION EN ENVASE A PRESION,BECLOMETASONA DIPROPIONATO,Glenmark Arzneimittel Gmbh,Glenmark Farmaceutica S.L.U,727638,50 microgramos/pulsacion,INHALACIÓN PULMONAR,1608216967000,,VÍA INHALATORIA,False,True,False,False,False,False,False,https://cima.aemps.es/cima/dochtml/ft/84741/FT_84741.html,https://cima.aemps.es/cima/fotos/thumbnails/materialas/84741/84741_materialas.jpg,3,1,805,1,1,BAJA POR NO COMERCIALIZAR,3.5,3.5,SI,NO
69589,"SPIRIVA RESPIMAT 2,5 microgramos SOLUCION PARA INHALACION",TIOTROPIO BROMURO,Boehringer Ingelheim International Gmbh,Boehringer Ingelheim Espana S.A.,725948,"2,5 microgramos / pulverización",INHALACIÓN PULMONAR,1202252400000,,VÍA INHALATORIA,True,True,False,False,False,False,False,https://cima.aemps.es/cima/dochtml/ft/69589/FT_69589.html,https://cima.aemps.es/cima/fotos/thumbnails/materialas/69589/69589_materialas.jpg,3,1,460,8,13,ALTA,39.25,39.25,NO,NO
65044,SYMBICORT FORTE TURBUHALER 320 microgramos/9 microgramos/INHALACION POLVO PARA INHALACION,"BUDESONIDA, FORMOTEROL FUMARATO DIHIDRATO",Astrazeneca Farmaceutica Spain S.A.,Astrazeneca Farmaceutica Spain S.A.,723313,320 µg budesonida/9 µg de formoterol/inhalación,INHALACIÓN PULMONAR,1034892000000,,VÍA INHALATORIA,True,True,False,False,False,False,False,https://cima.aemps.es/cima/dochtml/ft/65044/FT_65044.html,https://cima.aemps.es/cima/fotos/thumbnails/materialas/65044/65044_materialas.jpg,3,2,1632,1,4,ALTA,39.56,39.56,NO,NO
63958,"SYMBICORT TURBUHALER 160 microgramos/4,5 microgramos/INHALACION POLVO PARA INHALACION","BUDESONIDA, FORMOTEROL FUMARATO DIHIDRATO",Astrazeneca Farmaceutica Spain S.A.,Astrazeneca Farmaceutica Spain S.A.,723314,160µg budesonida/4.5 µg de formoterol/inhalación,INHALACIÓN PULMONAR,991692000000,,VÍA INHALATORIA,True,True,False,False,False,False,False,https://cima.aemps.es/cima/dochtml/ft/63958/FT_63958.html,https://cima.aemps.es/cima/fotos/thumbnails/materialas/63958/63958_materialas.jpg,3,2,1716,2,6,ALTA,39.56,39.56,NO,NO
63956,"SYMBICORT TURBUHALER 80 microgramos/4,5 microgramos/INHALACION POLVO PARA INHALACION","BUDESONIDA, FORMOTEROL FUMARATO DIHIDRATO",Astrazeneca Farmaceutica Spain S.A.,Astrazeneca Farmaceutica Spain S.A.,723311,80 µg budesonida/4.5 µg de formoterol/inhalación,INHALACIÓN PULMONAR,991605600000,,VÍA INHALATORIA,True,True,False,False,False,False,False,https://cima.aemps.es/cima/dochtml/ft/63956/FT_63956.html,https://cima.aemps.es/cima/fotos/thumbnails/materialas/63956/63956_materialas.jpg,3,2,1541,2,6,ALTA,39.56,39.56,NO,NO
85232,"SYMBICORT 80 MICROGRAMOS/2,25 MICROGRAMOS/INHALACION SUSPENSION PARA INHALACION EN ENVASE A PRESION","BUDESONIDA, FORMOTEROL FUMARATO DIHIDRATO",Astrazeneca Farmaceutica Spain S.A.,Astrazeneca Farmaceutica Spain S.A.,728894,"80 microgramos/2,25  microgramos",INHALACIÓN PULMONAR,1603815547000,,VÍA INHALATORIA,True,True,False,False,False,False,False,https://cima.aemps.es/cima/dochtml/ft/85232/FT_85232.html,https://cima.aemps.es/cima/fotos/thumbnails/materialas/85232/85232_materialas.jpg,3,2,1513,2,8,ALTA,19.78,19.78,NO,NO
58859,TERBASMIN TURBUHALER 500 microgramos/inhalacion POLVO PARA INHALACION,TERBUTALINA SULFATO,Laboratorio Lailan S.A.,Laboratorio Lailan S.A.,723500,500 µg,INHALACIÓN PULMONAR,665362800000,,VÍA INHALATORIA,True,True,False,False,False,False,False,https://cima.aemps.es/cima/dochtml/ft/58859/FT_58859.html,https://cima.aemps.es/cima/fotos/thumbnails/materialas/58859/58859_materialas.jpg,3,1,523,1,2,ALTA,6.93,,SI,NO
61971,"TRIALONA ACCUHALER 100 MICROGRAMOS/INHALACIÓN, POLVO PARA INHALACIÓN",FLUTICASONA PROPIONATO,Glaxosmithkline S.A.,Glaxosmithkline S.A.,662361,100 mcg,INHALACIÓN PULMONAR,891381600000,,VÍA INHALATORIA,True,True,False,False,False,False,False,https://cima.aemps.es/cima/dochtml/ft/61971/FT_61971.html,https://cima.aemps.es/cima/fotos/thumbnails/materialas/61971/61971_materialas.jpg,3,1,1113,4,4,ALTA,6.49,6.49,NO,NO
61972,"TRIALONA ACCUHALER 500 MICROGRAMOS/INHALACIÓN, POLVO PARA INHALACIÓN",FLUTICASONA PROPIONATO,Glaxosmithkline S.A.,Glaxosmithkline S.A.,662353,500 mcg,INHALACIÓN PULMONAR,891381600000,,VÍA INHALATORIA,True,True,False,False,False,False,False,https://cima.aemps.es/cima/dochtml/ft/61972/FT_61972.html,https://cima.aemps.es/cima/fotos/thumbnails/materialas/61972/61972_materialas.jpg,3,1,1115,4,4,ALTA,31.47,31.47,NO,NO
61788,"TRIALONA 250 MICROGRAMOS/INHALACIÓN, SUSPENSIÓN PARA INHALACIÓN EN ENVASE A PRESIÓN",FLUTICASONA PROPIONATO,Glaxosmithkline S.A.,Glaxosmithkline S.A.,665562,250 mcg,INHALACIÓN PULMONAR,878338800000,,VÍA INHALATORIA,True,True,False,False,False,False,False,https://cima.aemps.es/cima/dochtml/ft/61788/FT_61788.html,https://cima.aemps.es/cima/fotos/thumbnails/materialas/61788/61788_materialas.jpg,3,1,1117,4,4,ALTA,31.47,31.47,NO,NO
61787,"TRIALONA 50 MICROGRAMOS/INHALACIÓN, SUSPENSIÓN PARA INHALACIÓN EN ENVASE A PRESIÓN",FLUTICASONA PROPIONATO,Glaxosmithkline S.A.,Glaxosmithkline S.A.,665570,50 mcg,INHALACIÓN PULMONAR,878338800000,,VÍA INHALATORIA,True,True,False,False,False,False,False,https://cima.aemps.es/cima/dochtml/ft/61787/FT_61787.html,https://cima.aemps.es/cima/fotos/thumbnails/materialas/61787/61787_materialas.jpg,3,1,1117,4,4,ALTA,6.49,6.49,NO,NO
44901,TRIGON DEPOT 40 mg/ml SUSPENSIÓN INYECTABLE,TRIAMCINOLONA ACETONIDO,Piramal Critical Care B.V.,Euromed Pharma Spain S.L.,839589,40 mg/ml,INYECTABLE,-73702800000,,VÍA INTRAARTICULAR,True,True,False,False,False,False,False,https://cima.aemps.es/cima/dochtml/ft/44901/FT_44901.html,https://cima.aemps.es/cima/fotos/thumbnails/materialas/44901/44901_materialas.jpg,3,1,1918,1,11,BAJA GENERAL,2.39,,NO,NO
1171208007,TRIMBOW 172 microgramos/5 microgramos/9 microgramos SOLUCION PARA INHALACION EN ENVASE A PRESION,"BECLOMETASONA DIPROPIONATO, FORMOTEROL FUMARATO DIHIDRATO, GLICOPIRRONIO BROMURO",Chiesi Farmaceutici S.P.A.,Chiesi España S.A.U.,730420,172 microgramos/5 microgramos/9 microgramos,INHALACIÓN PULMONAR,1614181388000,,VÍA INHALATORIA,True,True,False,False,False,False,False,https://cima.aemps.es/cima/dochtml/ft/1171208007/FT_1171208007.html,https://cima.aemps.es/cima/fotos/thumbnails/materialas/1171208007/1171208007_materialas.jpg,3,3,1152,3,14,ALTA,72.59,,NO,NO
1171208002,TRIMBOW 87 MICROGRAMOS/5 MICROGRAMOS/9 MICROGRAMOS SOLUCION PARA INHALACION EN ENVASE A PRESION,"BECLOMETASONA DIPROPIONATO, FORMOTEROL FUMARATO DIHIDRATO, GLICOPIRRONIO BROMURO",Chiesi Farmaceutici S.P.A.,Chiesi España S.A.U.,718533,87/5/9 microgramos/pulsación,INHALACIÓN PULMONAR,1502642331000,,VÍA INHALATORIA,True,True,False,False,False,False,False,https://cima.aemps.es/cima/dochtml/ft/1171208002/FT_1171208002.html,https://cima.aemps.es/cima/fotos/thumbnails/materialas/1171208002/1171208002_materialas.jpg,3,3,1250,3,18,ALTA,72.59,,NO,NO
1171208010,TRIMBOW 88 microgramos/5 microgramos/9 microgramos POLVO PARA INHALACION,"BECLOMETASONA DIPROPIONATO, FORMOTEROL FUMARATO DIHIDRATO, GLICOPIRRONIO BROMURO",Chiesi Farmaceutici S.P.A.,Chiesi España S.A.U.,730791,88 microgramos/ 5 microgramos/ 9 microgramos,INHALACIÓN PULMONAR,1619706125000,,VÍA INHALATORIA,True,True,False,False,False,False,False,https://cima.aemps.es/cima/dochtml/ft/1171208010/FT_1171208010.html,https://cima.aemps.es/cima/fotos/thumbnails/materialas/1171208010/1171208010_materialas.jpg,3,3,1214,1,13,ALTA,72.59,,NO,NO
53010,VENTOLIN 100 microgramos/INHALACIÓN SUSPENSIÓN PARA INHALACIÓN EN ENVASE A PRESIÓN,SALBUTAMOL,Glaxosmithkline S.A.,Glaxosmithkline S.A.,656706,100 mcg de salbutamol (en forma de sulfato),INHALACIÓN PULMONAR,168127200000,,VÍA INHALATORIA,True,True,False,False,False,False,False,https://cima.aemps.es/cima/dochtml/ft/53010/FT_53010.html,https://cima.aemps.es/cima/fotos/thumbnails/materialas/53010/53010_materialas.jpg,3,1,759,0,4,ALTA,4.09,4.09,SI,NO
53932,VENTOLIN 2 mg/5 ml JARABE,SALBUTAMOL,Glaxosmithkline S.A.,Glaxosmithkline S.A.,715780,2 mg salbutamol sulfato/ 5 ml,SOLUCIÓN/SUSPENSIÓN ORAL,241912800000,,VÍA ORAL,True,True,False,False,False,False,False,https://cima.aemps.es/cima/dochtml/ft/53932/FT_53932.html,https://cima.aemps.es/cima/fotos/thumbnails/materialas/53932/53932_materialas.jpg,3,1,797,0,5,ALTA,2.5,2.5,SI,NO
55147,VENTOLIN 5 mg/ml SOLUCION PARA INHALACION POR NEBULIZADOR,SALBUTAMOL SULFATO,Glaxosmithkline S.A.,Glaxosmithkline S.A.,941807,500 mg,INHALACIÓN PULMONAR,352249200000,,VÍA INHALATORIA,True,True,False,False,False,False,False,https://cima.aemps.es/cima/dochtml/ft/55147/FT_55147.html,https://cima.aemps.es/cima/fotos/thumbnails/materialas/55147/55147_materialas.jpg,3,1,943,0,3,ALTA,2.12,2.12,SI,NO
61050,"ZAMENE 22,75 mg/ml GOTAS ORALES EN SUSPENSION",DEFLAZACORT,Laboratorios Menarini S.A.,Laboratorios Menarini S.A.,679969,1 mg deflazacort/gota,SOLUCION/SUSPENSION GOTAS ORALES,846802800000,,VÍA ORAL,True,True,False,False,False,False,False,https://cima.aemps.es/cima/dochtml/ft/61050/FT_61050.html,https://cima.aemps.es/cima/fotos/thumbnails/materialas/61050/61050_materialas.jpg,3,1,640,1,2,ALTA,3.37,3.37,SI,NO
58655,ZAMENE 30 mg COMPRIMIDOS,DEFLAZACORT,Laboratorios Menarini S.A.,Laboratorios Menarini S.A.,994335,30 mg,COMPRIMIDO,646783200000,,VÍA ORAL,True,True,False,False,False,False,False,https://cima.aemps.es/cima/dochtml/ft/58655/FT_58655.html,https://cima.aemps.es/cima/fotos/thumbnails/materialas/58655/58655_materialas.jpg,3,1,640,1,2,ALTA,3.42,3.42,SI,NO
58654,ZAMENE 6 mg COMPRIMIDOS,DEFLAZACORT,Laboratorios Menarini S.A.,Laboratorios Menarini S.A.,994327,6 mg,COMPRIMIDO,646783200000,,VÍA ORAL,True,True,False,False,False,False,False,https://cima.aemps.es/cima/dochtml/ft/58654/FT_58654.html,https://cima.aemps.es/cima/fotos/thumbnails/materialas/58654/58654_materialas.jpg,3,1,640,1,2,ALTA,2.5,2.5,SI,NO
1201440002,ZIMBUS BREEZHALER 114 microgramos/46 microgramos/136 microgramos POLVO PARA INHALACION (CAPSULA DURA),"INDACATEROL ACETATO, GLICOPIRRONIO BROMURO, MOMETASONA FUROATO",Novartis Europharm Limited,Laboratorios Gebro Pharma S.A.,729880,114 microgramos/46 microgramos/136 microgramos,INHALACIÓN PULMONAR,1608073200000,,VÍA INHALATORIA,True,True,False,False,False,False,False,https://cima.aemps.es/cima/dochtml/ft/1201440002/FT_1201440002.html,https://cima.aemps.es/cima/fotos/thumbnails/materialas/1201440002/1201440002_materialas.jpg,3,3,1059,4,7,ALTA,72.68,,NO,NO
35403,ADRENALINA LEVEL 1mg/ml SOLUCION INYECTABLE JERINGA PRECARGADA,EPINEFRINA,Laboratorios Ern S.A.,Laboratorios Ern S.A.,654187,-,INYECTABLE,-281322000000,,VÍA INTRACARDIACA,True,True,False,False,False,False,False,https://cima.aemps.es/cima/dochtml/ft/35403/FT_35403.html,,3,1,603,0,7,ALTA,5.04,5.04,NO,NO
54578,ALDOBRONQUIAL 2 mg/5 ml JARABE,SALBUTAMOL SULFATO,Laboratorio Aldo Union S.L.,Laboratorio Aldo Union S.L.,807107,"0,0482 g",SOLUCIÓN/SUSPENSIÓN ORAL,315529200000,,VÍA ORAL,True,True,False,False,False,False,False,https://cima.aemps.es/cima/dochtml/ft/54578/FT_54578.html,,3,1,608,0,4,ALTA,2.06,2.06,SI,NO
70372,ALVESCO 160 microgramos/INHALACION SOLUCION PARA INHALACION EN ENVASE A PRESION,CICLESONIDA,Covis Pharma Europe B.V.,Zentiva Spain S.L.,763857,160 MCG,INHALACIÓN PULMONAR,1238364000000,,VÍA INHALATORIA,True,True,False,False,False,False,False,https://cima.aemps.es/cima/dochtml/ft/70372/FT_70372.html,,3,1,993,1,6,ALTA,49.17,,NO,NO
85851,"AMAIRA 50 MICROGRAMOS/100 MICROGRAMOS/INHALACION, POLVO PARA INHALACION (UNIDOSIS)","SALMETEROL XINAFOATO, FLUTICASONA PROPIONATO",Zentiva K.S.,Zentiva Spain S.L.,730593,50 microgramos /100 microgramos,INHALACIÓN PULMONAR,1615849200000,,VÍA INHALATORIA,True,True,False,False,False,False,False,https://cima.aemps.es/cima/dochtml/ft/85851/FT_85851.html,,3,2,1386,6,8,ALTA,41.28,41.28,NO,NO
85852,"AMAIRA 50 MICROGRAMOS/250 MICROGRAMOS/INHALACION, POLVO PARA INHALACION (UNIDOSIS)","SALMETEROL XINAFOATO, FLUTICASONA PROPIONATO",Zentiva K.S.,Zentiva Spain S.L.,730594,50 microgramos/250 microgramos,INHALACIÓN PULMONAR,1615849200000,,VÍA INHALATORIA,True,True,False,False,False,False,False,https://cima.aemps.es/cima/dochtml/ft/85852/FT_85852.html,,3,2,1386,6,8,ALTA,41.28,41.28,NO,NO
85853,"AMAIRA 50 MICROGRAMOS/500 MICROGRAMOS/INHALACION, POLVO PARA INHALACION (UNIDOSIS)","SALMETEROL XINAFOATO, FLUTICASONA PROPIONATO",Zentiva K.S.,Zentiva Spain S.L.,730595,50 microgramos/500 microgramos,INHALACIÓN PULMONAR,1615849200000,,VÍA INHALATORIA,True,True,False,False,False,False,False,https://cima.aemps.es/cima/dochtml/ft/85853/FT_85853.html,,3,2,1585,7,9,ALTA,41.28,41.28,NO,NO
1201439006,"ATECTURA BREEZHALER 125 microgramos/127,5 microgramos POLVO PARA INHALACION (CAPSULA DURA)","INDACATEROL ACETATO, MOMETASONA FUROATO",Novartis Europharm Limited,Laboratorios Menarini S.A.,728970,125 microgramos/127.5 microgramos,INHALACIÓN PULMONAR,1597010400000,,VÍA INHALATORIA,True,True,False,False,False,False,False,https://cima.aemps.es/cima/dochtml/ft/1201439006/FT_1201439006.html,,3,2,938,4,6,ALTA,41.28,,NO,NO
1201439010,ATECTURA BREEZHALER 125 microgramos/260 microgramos POLVO PARA INHALACION (CAPSULA DURA),"INDACATEROL ACETATO, MOMETASONA FUROATO",Novartis Europharm Limited,Laboratorios Menarini S.A.,728971,125/260 µg,INHALACIÓN PULMONAR,1597010400000,,VÍA INHALATORIA,True,True,False,False,False,False,False,https://cima.aemps.es/cima/dochtml/ft/1201439010/FT_1201439010.html,,3,2,938,4,6,ALTA,41.28,,NO,NO
1201439002,"ATECTURA BREEZHALER 125 microgramos/62,5 microgramos POLVO PARA INHALACION (CAPSULA DURA)","INDACATEROL ACETATO, MOMETASONA FUROATO",Novartis Europharm Limited,Laboratorios Menarini S.A.,728969,125 microgramos/62.5 microgramos,INHALACIÓN PULMONAR,1597010400000,,VÍA INHALATORIA,True,True,False,False,False,False,False,https://cima.aemps.es/cima/dochtml/ft/1201439002/FT_1201439002.html,,3,2,938,5,6,ALTA,41.28,,NO,NO
59896,BAMBEC 10 mg COMPRIMIDOS,BAMBUTEROL HIDROCLORURO,Laboratorio Lailan S.A.,Laboratorio Lailan S.A.,738559,10 mg bambuterol hidrocloruro,COMPRIMIDO,738885600000,1753108921000.0,VÍA ORAL,False,True,False,False,False,False,False,https://cima.aemps.es/cima/dochtml/ft/59896/FT_59896.html,,3,1,538,1,3,BAJA GENERAL,9.99,,SI,NO
81684,BECLO-ASMA 100 MICROGRAMOS/PULSACION SOLUCION PARA INHALACION EN ENVASE A PRESION,BECLOMETASONA DIPROPIONATO,Laboratorio Aldo Union S.L.,Laboratorio Aldo Union S.L.,714479,100 microgramos/pulsación,INHALACIÓN PULMONAR,1485771012000,,VÍA INHALATORIA,True,True,False,False,False,False,False,https://cima.aemps.es/cima/dochtml/ft/81684/FT_81684.html,,3,1,913,1,2,ALTA,6.99,6.99,SI,NO
114921001,"BiResp Spiromax 160 microgramos / 4,5 microgramos polvo para inhalacion","BUDESONIDA, FORMOTEROL FUMARATO DIHIDRATO",Teva Pharma B.V.,Laboratorios Bial S.A.,723304,"160 microgramos / 4,5 microgramos",INHALACIÓN PULMONAR,1425023844000,,VÍA INHALATORIA,True,True,False,False,False,False,False,https://cima.aemps.es/cima/dochtml/ft/114921001/FT_114921001.html,,3,2,1915,2,9,ALTA,39.56,39.56,NO,NO
114921004,BiResp Spiromax 320 microgramos / 9 microgramos polvo para inhalacion,"BUDESONIDA, FORMOTEROL FUMARATO DIHIDRATO",Teva Pharma B.V.,Laboratorios Bial S.A.,723305,320 microgramos / 9 microgramos,INHALACIÓN PULMONAR,1425023840000,,VÍA INHALATORIA,True,True,False,False,False,False,False,https://cima.aemps.es/cima/dochtml/ft/114921004/FT_114921004.html,,3,2,1890,1,6,ALTA,39.56,39.56,NO,NO
1211534001,"BROPAIR SPIROMAX 12,75 microgramos/100 microgramos POLVO PARA INHALACION","SALMETEROL XINAFOATO, FLUTICASONA PROPIONATO",Teva B.V.,Laboratorios Bial S.A.,731103,"12,75 microgramos/100 microgramos",INHALACIÓN PULMONAR,1624432457000,1755152641000.0,VÍA INHALATORIA,False,True,False,False,False,False,False,https://cima.aemps.es/cima/dochtml/ft/1211534001/FT_1211534001.html,,3,2,1518,4,4,BAJA GENERAL,41.28,41.28,NO,NO
1211534003,"BROPAIR SPIROMAX 12,75 microgramos/202 microgramos POLVO PARA INHALACION","SALMETEROL XINAFOATO, FLUTICASONA PROPIONATO",Teva B.V.,Laboratorios Bial S.A.,731104,"12,75 microgramos/202 microgramos",INHALACIÓN PULMONAR,1624432453000,1755152641000.0,VÍA INHALATORIA,False,True,False,False,False,False,False,https://cima.aemps.es/cima/dochtml/ft/1211534003/FT_1211534003.html,,3,2,1518,4,4,BAJA GENERAL,41.28,41.28,NO,NO
85219,"BUDENA 0,25 MG/ML SUSPENSION PARA INHALACION POR NEBULIZADOR",BUDESONIDA,Laboratorio Aldo Union S.L.,Laboratorio Aldo Union S.L.,728863,"0,25 mg/ml",INHALACIÓN PULMONAR,1593677904000,,VÍA INHALATORIA,True,True,False,False,False,False,False,https://cima.aemps.es/cima/dochtml/ft/85219/FT_85219.html,,3,1,865,2,6,ALTA,5.99,5.99,SI,NO
85220,"BUDENA 0,5 MG/ML SUSPENSION PARA INHALACION POR NEBULIZADOR",BUDESONIDA,Laboratorio Aldo Union S.L.,Laboratorio Aldo Union S.L.,728864,"0,5 mg/ml",INHALACIÓN PULMONAR,1593677906000,,VÍA INHALATORIA,True,True,False,False,False,False,False,https://cima.aemps.es/cima/dochtml/ft/85220/FT_85220.html,,3,1,865,2,6,ALTA,12.0,12.0,SI,NO
66670,BUDESONIDA EASYHALER 100 microgramos POLVO PARA INHALACION,BUDESONIDA,Orion Corporation,Orion Pharma S.L.,650966,100 mcg/dosis,INHALACIÓN PULMONAR,1111359600000,,VÍA INHALATORIA,True,True,True,False,False,False,False,https://cima.aemps.es/cima/dochtml/ft/66670/FT_66670.html,,3,1,1030,1,3,ALTA,12.25,12.25,SI,NO
66669,BUDESONIDA EASYHALER 200 mcg POLVO PARA INHALACION,BUDESONIDA,Orion Corporation,Orion Pharma S.L.,650965,200 mcg/dosis,INHALACIÓN PULMONAR,1113170400000,,VÍA INHALATORIA,True,True,True,False,False,False,False,https://cima.aemps.es/cima/dochtml/ft/66669/FT_66669.html,,3,1,1030,1,3,ALTA,24.52,24.52,SI,NO
66671,BUDESONIDA EASYHALER 400 microgramos POLVO PARA INHALACION,BUDESONIDA,Orion Corporation,Orion Pharma S.L.,650967,400 mcg/dosis,INHALACIÓN PULMONAR,1111359600000,,VÍA INHALATORIA,True,True,True,False,False,False,False,https://cima.aemps.es/cima/dochtml/ft/66671/FT_66671.html,,3,1,1030,1,3,ALTA,24.52,24.52,SI,NO
59036,BUDESONIDA PULMICTAN INFANTIL 50 microgramos/INHALACION SUSPENSION PARA INHALACION EN ENVASE A PRESION,BUDESONIDA,"Laboratorio Reig Jofre, S.A.","Laboratorio Reig Jofre, S.A.",656614,50 mcg budesonida/ 10 ml,INHALACIÓN PULMONAR,673048800000,,VÍA INHALATORIA,True,True,False,False,False,False,False,https://cima.aemps.es/cima/dochtml/ft/59036/FT_59036.html,,3,1,1283,1,6,ALTA,7.56,7.56,SI,NO
59035,BUDESONIDA PULMICTAN 200 microgramos/INHALACION SUSPENSION PARA INHALACION EN ENVASE A PRESION,BUDESONIDA,"Laboratorio Reig Jofre, S.A.","Laboratorio Reig Jofre, S.A.",656615,200 mcg budesonida/ 5 ml,INHALACIÓN PULMONAR,673048800000,,VÍA INHALATORIA,True,True,False,False,False,False,False,https://cima.aemps.es/cima/dochtml/ft/59035/FT_59035.html,,3,1,1283,1,6,ALTA,11.11,11.11,SI,NO
83517,"BUDESONIDA/FORMOTEROL CIPLA 160 MICROGRAMOS/4,5 MICROGRAMOS/INHALACION POLVO PARA INHALACION (UNIDOSIS)","BUDESONIDA, FORMOTEROL FUMARATO DIHIDRATO",Cipla Europe N.V.,Cipla Europe Nv Sucursal En Espana,723825,"160 MICROGRAMOS/4,5 MICROGRAMOS",INHALACIÓN PULMONAR,1539640800000,,VÍA INHALATORIA,True,True,False,False,False,False,False,https://cima.aemps.es/cima/dochtml/ft/83517/FT_83517.html,,3,2,1731,2,6,ALTA,19.78,19.78,NO,NO
85833,BUDESONIDA/FORMOTEROL CIPLA 320 MICROGRAMOS/9 MICROGRAMOS/INHALACION POLVO PARA INHALACION (UNIDOSIS),"BUDESONIDA, FORMOTEROL FUMARATO DIHIDRATO",Cipla Europe N.V.,Cipla Europe Nv Sucursal En Espana,730557,320 microgramos/9 microgramos/dosis,INHALACIÓN PULMONAR,1615330800000,,VÍA INHALATORIA,True,True,False,False,False,False,False,https://cima.aemps.es/cima/dochtml/ft/85833/FT_85833.html,,3,2,1674,1,4,ALTA,39.56,39.56,NO,NO
78807,BUFOMIX EASYHALER 160 MICROGRAMOS/4.5 MICROGRAMOS/INHALACION POLVO PARA INHALACION,"BUDESONIDA, FORMOTEROL FUMARATO DIHIDRATO",Orion Corporation,Orion Pharma S.L.,723300,160 microgramos/4.5 microgramos,INHALACIÓN PULMONAR,1401400800000,,VÍA INHALATORIA,True,True,False,False,False,False,False,https://cima.aemps.es/cima/dochtml/ft/78807/FT_78807.html,,3,2,1544,2,7,ALTA,39.56,39.56,NO,NO
78808,BUFOMIX EASYHALER 320 MICROGRAMOS//9 MICROGRAMOS/INHALACION POLVO PARA INHALACION,"BUDESONIDA, FORMOTEROL FUMARATO DIHIDRATO",Orion Corporation,Orion Pharma S.L.,723301,320 microgramos/9 microgramos,INHALACIÓN PULMONAR,1401400800000,,VÍA INHALATORIA,True,True,False,False,False,False,False,https://cima.aemps.es/cima/dochtml/ft/78808/FT_78808.html,,3,2,1508,1,4,ALTA,39.56,39.56,NO,NO
47863,"DACORTIN 2,5 mg COMPRIMIDOS",PREDNISONA,Laboratorios Ern S.A.,Laboratorios Ern S.A.,739276,"2,5 mg prednisona",COMPRIMIDO,-21171600000,,VÍA ORAL,True,True,False,False,False,False,False,https://cima.aemps.es/cima/dochtml/ft/47863/FT_47863.html,,3,1,929,1,3,ALTA,1.89,1.89,SI,NO
57819,DACORTIN 30 mg COMPRIMIDOS,PREDNISONA,Laboratorios Ern S.A.,Laboratorios Ern S.A.,995233,30 mg prednisona,COMPRIMIDO,599612400000,,VÍA ORAL,True,True,False,False,False,False,False,https://cima.aemps.es/cima/dochtml/ft/57819/FT_57819.html,,3,1,929,1,3,ALTA,3.76,3.76,SI,NO
24612,DACORTIN 5 mg COMPRIMIDOS,PREDNISONA,Laboratorios Ern S.A.,Laboratorios Ern S.A.,739284,5 mg prednisona,COMPRIMIDO,-449802000000,,VÍA ORAL,True,True,False,False,False,False,False,https://cima.aemps.es/cima/dochtml/ft/24612/FT_24612.html,,3,1,929,1,3,ALTA,1.95,1.95,SI,NO
64812,DEFLAZACORT ALTER 30 mg COMPRIMIDOS EFG,DEFLAZACORT,Laboratorios Alter S.A.,Laboratorios Alter S.A.,653235,30 mg,COMPRIMIDO,1023055200000,1773145207000.0,VÍA ORAL,False,True,True,False,False,False,False,https://cima.aemps.es/cima/dochtml/ft/64812/FT_64812.html,,3,1,392,0,0,BAJA GENERAL,2.67,2.67,SI,NO
64813,DEFLAZACORT ALTER 6 mg COMPRIMIDOS EFG,DEFLAZACORT,Laboratorios Alter S.A.,Laboratorios Alter S.A.,653236,6 mg,COMPRIMIDO,1023055200000,1773145216000.0,VÍA ORAL,False,True,True,False,False,False,False,https://cima.aemps.es/cima/dochtml/ft/64813/FT_64813.html,,3,1,392,0,0,BAJA GENERAL,2.5,2.5,SI,NO
81739,DEFLAZACORT EFARMES 30 MG COMPRIMIDOS EFG,DEFLAZACORT,Lacer S.A.,Lacer S.A.,714901,30 mg,COMPRIMIDO,1487087351000,,VÍA ORAL,False,True,True,False,False,False,False,https://cima.aemps.es/cima/dochtml/ft/81739/FT_81739.html,,3,1,1639,1,6,BAJA POR NO COMERCIALIZAR,2.67,2.67,SI,NO
83464,DEFLAZACORT EFARMES 6 MG COMPRIMIDOS EFG,DEFLAZACORT,Lacer S.A.,Lacer S.A.,723703,6 mg,COMPRIMIDO,1538136370000,,VÍA ORAL,False,True,True,False,False,False,False,https://cima.aemps.es/cima/dochtml/ft/83464/FT_83464.html,,3,1,1723,1,6,BAJA POR NO COMERCIALIZAR,2.5,2.5,SI,NO
66993,DEFLAZACORT KERN PHARMA 30 mg COMPRIMIDOS EFG,DEFLAZACORT,Kern Pharma S.L.,Kern Pharma S.L.,664131,30 mg,COMPRIMIDO,1125871200000,1781170141000.0,VÍA ORAL,False,True,True,False,False,False,False,https://cima.aemps.es/cima/dochtml/ft/66993/FT_66993.html,,3,1,394,0,0,BAJA GENERAL,2.67,2.67,SI,NO
66992,DEFLAZACORT KERN PHARMA 6 mg COMPRIMIDOS EFG,DEFLAZACORT,Kern Pharma S.L.,Kern Pharma S.L.,664132,6 mg,COMPRIMIDO,1125871200000,1781170155000.0,VÍA ORAL,False,True,True,False,False,False,False,https://cima.aemps.es/cima/dochtml/ft/66992/FT_66992.html,,3,1,394,0,0,BAJA GENERAL,2.5,2.5,SI,NO
73882,DEFLAZACORT PENSA 30 MG COMPRIMIDOS EFG,DEFLAZACORT,Towa Pharmaceutical S.A.,Towa Pharmaceutical S.A.,679575,30 mg,COMPRIMIDO,1302645600000,,VÍA ORAL,False,True,True,False,False,False,False,https://cima.aemps.es/cima/dochtml/ft/73882/FT_73882.html,,3,1,397,0,0,BAJA POR NO COMERCIALIZAR,2.67,2.67,SI,NO
73883,DEFLAZACORT PENSA 6 MG COMPRIMIDOS EFG,DEFLAZACORT,Towa Pharmaceutical S.A.,Towa Pharmaceutical S.A.,679576,6 mg,COMPRIMIDO,1302645600000,,VÍA ORAL,False,True,True,False,False,False,False,https://cima.aemps.es/cima/dochtml/ft/73883/FT_73883.html,,3,1,397,0,0,SUSPENSION TEMPORAL GENERAL,2.25,2.25,SI,NO
71890,DEFLAZACORT SUN 30 mg COMPRIMIDOS EFG,DEFLAZACORT,Sun Pharmaceutical Industries (Europe) B.V.,Sun Pharma Laboratorios S.L.,664793,30 mg,COMPRIMIDO,1266274800000,1725288087000.0,VÍA ORAL,False,True,True,False,False,False,False,https://cima.aemps.es/cima/dochtml/ft/71890/FT_71890.html,,3,1,1296,0,5,BAJA GENERAL,2.67,2.67,SI,NO
81740,DEFLAZACORT SUN 6 MG COMPRIMIDOS EFG,DEFLAZACORT,Sun Pharmaceutical Industries (Europe) B.V.,Sun Pharma Laboratorios S.L.,714902,6 mg,COMPRIMIDO,1487087343000,1725288088000.0,VÍA ORAL,False,True,True,False,False,False,False,https://cima.aemps.es/cima/dochtml/ft/81740/FT_81740.html,,3,1,1297,0,5,BAJA GENERAL,2.5,2.5,SI,NO
72321,DEFLAZACORT TARBIS 30 MG COMPRIMIDOS EFG,DEFLAZACORT,Tarbis Farma S.L.,Tarbis Farma S.L.,665360,30 mg,COMPRIMIDO,1274824800000,,VÍA ORAL,False,True,True,False,False,False,False,https://cima.aemps.es/cima/dochtml/ft/72321/FT_72321.html,,3,1,392,0,0,BAJA POR NO COMERCIALIZAR,2.67,2.67,SI,NO
64708,DEFLAZACORT VIR 30 mg COMPRIMIDOS EFG,DEFLAZACORT,Industria Quimica Y Farmaceutica Vir S.A.,Industria Quimica Y Farmaceutica Vir S.A.,719559,30 mg,COMPRIMIDO,1019512800000,,VÍA ORAL,True,True,True,False,False,False,False,https://cima.aemps.es/cima/dochtml/ft/64708/FT_64708.html,,3,1,365,0,1,ALTA,2.67,2.67,SI,NO
64709,DEFLAZACORT VIR 6 mg COMPRIMIDOS EFG,DEFLAZACORT,Industria Quimica Y Farmaceutica Vir S.A.,Industria Quimica Y Farmaceutica Vir S.A.,719682,6 mg,COMPRIMIDO,1019512800000,,VÍA ORAL,True,True,True,False,False,False,False,https://cima.aemps.es/cima/dochtml/ft/64709/FT_64709.html,,3,1,365,0,1,ALTA,2.25,2.25,SI,NO
86124,DEXAMETASONA ABDRUG 4 MG COMPRIMIDOS,DEXAMETASONA,Mabo Farma S.A.,Mabo Farma S.A.,731436,4 mg,COMPRIMIDO,1627885056000,,VÍA ORAL,True,True,False,False,False,False,False,https://cima.aemps.es/cima/dochtml/ft/86124/FT_86124.html,,3,1,1519,1,13,ALTA,9.93,9.93,NO,NO
86123,DEXAMETASONA ABDRUG 8 MG COMPRIMIDOS,DEXAMETASONA,Mabo Farma S.A.,Mabo Farma S.A.,731435,8 mg,COMPRIMIDO,1627885052000,,VÍA ORAL,True,True,False,False,False,False,False,https://cima.aemps.es/cima/dochtml/ft/86123/FT_86123.html,,3,1,1520,1,13,ALTA,19.17,19.17,NO,NO
81414,DEXAMETASONA TAD 4 MG COMPRIMIDOS,DEXAMETASONA,Tad Pharma Gmbh,Krka Farmaceutica S.L.,713555,4 mg,COMPRIMIDO,1479682800000,,VÍA ORAL,True,True,False,False,False,False,False,https://cima.aemps.es/cima/dochtml/ft/81414/FT_81414.html,,3,1,1536,2,14,ALTA,9.93,9.93,NO,NO
81415,DEXAMETASONA TAD 8 MG COMPRIMIDOS,DEXAMETASONA,Tad Pharma Gmbh,Krka Farmaceutica S.L.,713556,8 mg,COMPRIMIDO,1479682800000,,VÍA ORAL,True,True,False,False,False,False,False,https://cima.aemps.es/cima/dochtml/ft/81415/FT_81415.html,,3,1,1536,2,14,ALTA,19.17,19.17,NO,NO
61049,"DEZACOR 22,75 mg/ml GOTAS ORALES EN SUSPENSION",DEFLAZACORT,Faes Farma S.A.,Faes Farma S.A.,679977,"22,75 mg",SOLUCION/SUSPENSION GOTAS ORALES,846802800000,,VÍA ORAL,True,True,False,False,False,False,False,https://cima.aemps.es/cima/dochtml/ft/61049/FT_61049.html,,3,1,1791,1,6,ALTA,3.37,3.37,SI,NO
57816,DEZACOR 30 mg COMPRIMIDOS,DEFLAZACORT,Faes Farma S.A.,Faes Farma S.A.,980219,30 mg,COMPRIMIDO,636246000000,,VÍA ORAL,True,True,False,False,False,False,False,https://cima.aemps.es/cima/dochtml/ft/57816/FT_57816.html,,3,1,1641,1,5,ALTA,2.67,2.67,SI,NO
57817,DEZACOR 6 mg COMPRIMIDOS,DEFLAZACORT,Faes Farma S.A.,Faes Farma S.A.,980227,6 mg,COMPRIMIDO,636246000000,,VÍA ORAL,True,True,False,False,False,False,False,https://cima.aemps.es/cima/dochtml/ft/57817/FT_57817.html,,3,1,1641,1,5,ALTA,2.25,2.25,SI,NO
114920001,"DuoResp Spiromax 160 microgramos/4,5 microgramos polvo para inhalacion","BUDESONIDA, FORMOTEROL FUMARATO DIHIDRATO",Teva Pharma B.V.,Teva Pharma S.L.U.,723297,"160 microgramos / 4,5 microgramos",INHALACIÓN PULMONAR,1400665647000,,VÍA INHALATORIA,True,True,False,False,False,False,False,https://cima.aemps.es/cima/dochtml/ft/114920001/FT_114920001.html,,3,2,1917,2,9,ALTA,39.56,39.56,NO,NO
114920004,DuoResp Spiromax 320 microgramos/9 microgramos polvo para inhalacion,"BUDESONIDA, FORMOTEROL FUMARATO DIHIDRATO",Teva Pharma B.V.,Teva Pharma S.L.U.,723298,320 microgramos / 9 microgramos,INHALACIÓN PULMONAR,1400665641000,,VÍA INHALATORIA,True,True,False,False,False,False,False,https://cima.aemps.es/cima/dochtml/ft/114920004/FT_114920004.html,,3,2,1890,1,6,ALTA,39.56,39.56,NO,NO
45303,"ELIXIFILIN 5,33 MG/ML SOLUCION ORAL",TEOFILINA ANHIDRA,Tora Laboratories S.L.U.,Tora Laboratories S.L.U.,654651,"5,33 mg teofilina anhidra",SOLUCIÓN/SUSPENSIÓN ORAL,-65840400000,,VÍA ORAL,True,True,False,True,False,False,False,https://cima.aemps.es/cima/dochtml/ft/45303/FT_45303.html,,3,1,510,1,1,ALTA,2.95,2.95,SI,NO
1201438002,ENERZAIR BREEZHALER 114 MICROGRAMOS/46 MICROGRAMOS/136 MICROGRAMOS POLVO PARA INHALACION (CAPSULA DURA),"INDACATEROL ACETATO, GLICOPIRRONIO BROMURO, MOMETASONA FUROATO",Novartis Europharm Limited,Laboratorios Menarini S.A.,728965,114 microgramos/46 microgramos/136 microgramos,INHALACIÓN PULMONAR,1597010400000,,VÍA INHALATORIA,True,True,False,False,False,False,False,https://cima.aemps.es/cima/dochtml/ft/1201438002/FT_1201438002.html,,3,3,1051,2,7,ALTA,72.68,,NO,NO
47546,ESTILSONA 7 mg/ml GOTAS ORALES EN SUSPENSIÓN,PREDNISOLONA ESTEAGLATO,Laboratorios Sonphar S.L.,Laboratorios Ern S.A.,653619,"13,3 mg prednisolona esteaglato/ ml",SOLUCION/SUSPENSION GOTAS ORALES,-26442000000,,VÍA ORAL,True,True,False,False,False,False,False,https://cima.aemps.es/cima/dochtml/ft/47546/FT_47546.html,,3,1,1219,2,3,ALTA,4.04,4.04,SI,NO
1891,EUFILINA VENOSA 200 mg SOLUCIÓN INYECTABLE,TEOFILINA ANHIDRA,Zr Pharma & Gmbh,Laboratorios Farmaceuticos Rovi S.A.,824680,200 mg teofilina,INYECTABLE,-1512086400000,1727263333000.0,VÍA INTRAVENOSA,False,True,False,False,False,False,False,https://cima.aemps.es/cima/dochtml/ft/1891/FT_1891.html,,3,1,277,3,5,BAJA GENERAL,3.12,,NO,NO
83644,FLUSAMIX EASYHALER 50 MICROGRAMOS/500 MICROGRAMOS/INHALACION POLVO PARA INHALACION,"SALMETEROL XINAFOATO, FLUTICASONA PROPIONATO",Orion Corporation,Orion Pharma S.L.,724210,50 microgramos/500 microgramos,INHALACIÓN PULMONAR,1543532400000,,VÍA INHALATORIA,True,True,False,False,False,False,False,https://cima.aemps.es/cima/dochtml/ft/83644/FT_83644.html,,3,2,1562,5,9,ALTA,41.28,41.28,NO,NO
84405,"FLUTICASONA ALDO-UNION 0,25 MG/ML SUSPENSION PARA INHALACION POR NEBULIZADOR",FLUTICASONA PROPIONATO,Laboratorio Aldo Union S.L.,Laboratorio Aldo Union S.L.,726516,"0,25 mg/ml",INHALACIÓN PULMONAR,1564670452000,,VÍA INHALATORIA,True,True,False,False,False,False,False,https://cima.aemps.es/cima/dochtml/ft/84405/FT_84405.html,,3,1,1079,1,4,ALTA,10.49,10.49,NO,NO
84406,FLUTICASONA ALDO-UNION 1 MG/ML SUSPENSION PARA INHALACION POR NEBULIZADOR,FLUTICASONA PROPIONATO,Laboratorio Aldo Union S.L.,Laboratorio Aldo Union S.L.,726517,1 mg/ml,INHALACIÓN PULMONAR,1564610400000,,VÍA INHALATORIA,True,True,False,False,False,False,False,https://cima.aemps.es/cima/dochtml/ft/84406/FT_84406.html,,3,1,1079,1,4,ALTA,41.96,41.96,NO,NO
66558,FORMOTEROL ALDO-UNION 12 MICROGRAMOS POLVO PARA INHALACION (CAPSULAS DURAS),FORMOTEROL FUMARATO DIHIDRATO,Laboratorio Aldo Union S.L.,Laboratorio Aldo Union S.L.,650654,12 MCG,INHALACIÓN PULMONAR,1106866800000,,VÍA INHALATORIA,True,True,True,False,False,False,False,https://cima.aemps.es/cima/dochtml/ft/66558/FT_66558.html,,3,1,705,1,5,ALTA,22.54,22.54,SI,NO
32224,FORTECORTIN 1 mg COMPRIMIDOS,DEXAMETASONA,Laboratorios Ern S.A.,Laboratorios Ern S.A.,654767,1 mg,COMPRIMIDO,-331520400000,,VÍA ORAL,True,True,False,False,False,False,False,https://cima.aemps.es/cima/dochtml/ft/32224/FT_32224.html,,3,1,907,1,9,ALTA,4.34,,NO,NO
70032,FORTECORTIN 4 mg COMPRIMIDOS,DEXAMETASONA,Laboratorios Ern S.A.,Laboratorios Ern S.A.,661408,4 mg,COMPRIMIDO,1222034400000,,VÍA ORAL,True,True,False,False,False,False,False,https://cima.aemps.es/cima/dochtml/ft/70032/FT_70032.html,,3,1,907,1,9,ALTA,9.93,9.93,NO,NO
70078,FORTECORTIN 8 mg COMPRIMIDOS,DEXAMETASONA,Laboratorios Ern S.A.,Laboratorios Ern S.A.,661502,8 mg,COMPRIMIDO,1222034400000,,VÍA ORAL,True,True,False,False,False,False,False,https://cima.aemps.es/cima/dochtml/ft/70078/FT_70078.html,,3,1,907,1,9,ALTA,19.17,19.17,NO,NO
79477,ICSORI 125 MICROGRAMOS/INHALACION SUSPENSION PARA INHALACION EN ENVASE A PRESION,FLUTICASONA PROPIONATO,Cipla Europe,Cipla Europe Nv Sucursal En Espana,705031,125 microgramos,INHALACIÓN PULMONAR,1426114800000,,VÍA INHALATORIA,True,True,False,False,False,False,False,https://cima.aemps.es/cima/dochtml/ft/79477/FT_79477.html,,3,1,1583,1,6,ALTA,15.74,15.74,NO,NO
79478,ICSORI 250 MICROGRAMOS/INHALACION SUSPENSION PARA INHALACION EN ENVASE A PRESION,FLUTICASONA PROPIONATO,Cipla Europe,Cipla Europe Nv Sucursal En Espana,705033,250 microgramos,INHALACIÓN PULMONAR,1426114800000,,VÍA INHALATORIA,True,True,False,False,False,False,False,https://cima.aemps.es/cima/dochtml/ft/79478/FT_79478.html,,3,1,1583,1,6,ALTA,31.47,31.47,NO,NO
85847,"INHALOK AIRMASTER 50 MICROGRAMOS/250 MICROGRAMOS/INHALACION, POLVO PARA INHALACION (UNIDOSIS)","SALMETEROL XINAFOATO, FLUTICASONA PROPIONATO",Kern Pharma S.L.,Kern Pharma S.L.,730581,50 MICROGRAMOS/250 MICROGRAMOS,INHALACIÓN PULMONAR,1619177011000,,VÍA INHALATORIA,True,True,False,False,False,False,False,https://cima.aemps.es/cima/dochtml/ft/85847/FT_85847.html,,3,2,1586,6,8,ALTA,41.28,41.28,NO,NO
85848,"INHALOK AIRMASTER 50 MICROGRAMOS/500 MICROGRAMOS/INHALACION, POLVO PARA INHALACION (UNIDOSIS)","SALMETEROL XINAFOATO, FLUTICASONA PROPIONATO",Kern Pharma S.L.,Kern Pharma S.L.,730585,50 MICROGRAMOS/500 MICROGRAMOS,INHALACIÓN PULMONAR,1619177008000,,VÍA INHALATORIA,True,True,False,False,False,False,False,https://cima.aemps.es/cima/dochtml/ft/85848/FT_85848.html,,3,2,1587,6,8,ALTA,41.28,41.28,NO,NO
88525,LUFORBEC 100 MICROGRAMOS/6 MICROGRAMOS/PULSACIÓN SOLUCIÓN PARA INHALACIÓN EN ENVASE A PRESIÓN,"BECLOMETASONA DIPROPIONATO, FORMOTEROL FUMARATO DIHIDRATO",Laboratorios Ern S.A.,Laboratorios Ern S.A.,761741,100 microgramos/6 microgramos/pulsación,INHALACIÓN PULMONAR,1682409122000,,VÍA INHALATORIA,True,True,False,False,False,False,False,https://cima.aemps.es/cima/dochtml/ft/88525/FT_88525.html,,3,2,1461,2,8,ALTA,31.36,31.36,NO,NO
72932,MONKASTA 10 mg COMPRIMIDOS RECUBIERTOS CON PELICULA EFG,MONTELUKAST SODICO,Krka D.D. Novo Mesto,Krka Farmaceutica S.L.,675808,10 mg,COMPRIMIDO,1329174000000,,VÍA ORAL,True,True,True,False,False,False,False,https://cima.aemps.es/cima/dochtml/ft/72932/FT_72932.html,,3,1,375,3,2,ALTA,21.06,21.06,NO,NO
72930,MONKASTA 4 mg COMPRIMIDOS MASTICABLES EFG,MONTELUKAST SODICO,Krka D.D. Novo Mesto,Krka Farmaceutica S.L.,675774,4 mg,COMPRIMIDO MASTICABLE,1329174000000,,VÍA ORAL,True,True,True,False,False,False,False,https://cima.aemps.es/cima/dochtml/ft/72930/FT_72930.html,,3,1,402,3,4,ALTA,16.84,16.84,NO,NO
72931,MONKASTA 5 mg COMPRIMIDOS MASTICABLES EFG,MONTELUKAST SODICO,Krka D.D. Novo Mesto,Krka Farmaceutica S.L.,675794,5 mg,COMPRIMIDO MASTICABLE,1329174000000,,VÍA ORAL,True,True,True,False,False,False,False,https://cima.aemps.es/cima/dochtml/ft/72931/FT_72931.html,,3,1,402,3,4,ALTA,21.06,21.06,NO,NO
75574,MONTELUKAST ACCORD 10 mg COMPRIMIDOS RECUBIERTOS CON PELICULA EFG,MONTELUKAST SODICO,Accord Healthcare S.L.U.,Accord Healthcare S.L.U.,688286,10 mg,COMPRIMIDO,1330642800000,,VÍA ORAL,False,True,True,False,False,False,False,https://cima.aemps.es/cima/dochtml/ft/75574/FT_75574.html,,3,1,380,61,2,BAJA POR NO COMERCIALIZAR,21.06,21.06,NO,NO
74719,MONTELUKAST ACCORD 4 mg COMPRIMIDOS MASTICABLES EFG,MONTELUKAST SODICO,Accord Healthcare S.L.U.,Accord Healthcare S.L.U.,684117,4 mg,COMPRIMIDO MASTICABLE,1318197600000,1758537243000.0,VÍA ORAL,False,True,True,False,False,False,False,https://cima.aemps.es/cima/dochtml/ft/74719/FT_74719.html,,3,1,368,2,4,BAJA GENERAL,16.84,16.84,NO,NO
74720,MONTELUKAST ACCORD 5 mg COMPRIMIDOS MASTICABLES EFG,MONTELUKAST SODICO,Accord Healthcare S.L.U.,Accord Healthcare S.L.U.,684131,5 mg,COMPRIMIDO MASTICABLE,1318197600000,1756892103000.0,VÍA ORAL,False,True,True,False,False,False,False,https://cima.aemps.es/cima/dochtml/ft/74720/FT_74720.html,,3,1,368,2,4,BAJA GENERAL,21.06,21.06,NO,NO
74098,MONTELUKAST ALMUS 10 mg COMPRIMIDOS RECUBIERTOS CON PELICULA EFG,MONTELUKAST SODICO,Almus Farmaceutica S.A.U.,Almus Farmaceutica S.A.U.,680763,10 mg,COMPRIMIDO,1306101600000,,VÍA ORAL,True,True,True,False,False,False,False,https://cima.aemps.es/cima/dochtml/ft/74098/FT_74098.html,,3,1,373,3,2,ALTA,21.06,21.06,NO,NO
70236,MONTELUKAST ALTER 10 mg COMPRIMIDOS RECUBIERTOS CON PELICULA EFG,MONTELUKAST SODICO,Laboratorios Alter S.A.,Laboratorios Alter S.A.,661860,10 mg,COMPRIMIDO,1226271600000,,VÍA ORAL,True,True,True,False,False,False,False,https://cima.aemps.es/cima/dochtml/ft/70236/FT_70236.html,,3,1,366,3,2,ALTA,21.06,21.06,NO,NO
71424,MONTELUKAST ALTER 4 mg COMPRIMIDOS MASTICABLES EFG,MONTELUKAST SODICO,Laboratorios Alter S.A.,Laboratorios Alter S.A.,664007,4 mg,COMPRIMIDO MASTICABLE,1254261600000,,VÍA ORAL,True,True,True,False,False,False,False,https://cima.aemps.es/cima/dochtml/ft/71424/FT_71424.html,,3,1,378,4,4,ALTA,16.84,16.84,NO,NO
71422,MONTELUKAST ALTER 5 mg COMPRIMIDOS MASTICABLES EFG,MONTELUKAST SODICO,Laboratorios Alter S.A.,Laboratorios Alter S.A.,664006,5 mg,COMPRIMIDO MASTICABLE,1254261600000,,VÍA ORAL,True,True,True,False,False,False,False,https://cima.aemps.es/cima/dochtml/ft/71422/FT_71422.html,,3,1,377,3,4,ALTA,21.06,21.06,NO,NO
70901,MONTELUKAST APOTEX AG 10 mg COMPRIMIDOS RECUBIERTOS CON PELICULA EFG,MONTELUKAST SODICO,Apotex Europe B.V.,"Aurovitas Spain, S.A.U.",662872,10 mg,COMPRIMIDO,1241560800000,1637925048000.0,VÍA ORAL,False,True,True,False,False,False,False,https://cima.aemps.es/cima/dochtml/ft/70901/FT_70901.html,,3,1,354,1,1,BAJA GENERAL,21.06,21.06,NO,NO
74107,MONTELUKAST ASTHMAPHARMA 10 mg COMPRIMIDOS RECUBIERTOS CON PELICULA EFG,MONTELUKAST SODICO,Farmalider S.A.,Farmalider S.A.,680781,10 mg,COMPRIMIDO,1306188000000,,VÍA ORAL,True,True,True,False,False,False,False,https://cima.aemps.es/cima/dochtml/ft/74107/FT_74107.html,,3,1,395,1,2,ALTA,21.06,21.06,NO,NO
74106,MONTELUKAST ASTHMAPHARMA 4 mg COMPRIMIDOS MASTICABLES EFG,MONTELUKAST SODICO,Farmalider S.A.,Farmalider S.A.,680779,4 mg,COMPRIMIDO MASTICABLE,1306188000000,,VÍA ORAL,True,True,True,False,False,False,False,https://cima.aemps.es/cima/dochtml/ft/74106/FT_74106.html,,3,1,353,1,4,ALTA,16.84,16.84,NO,NO
74108,MONTELUKAST ASTHMAPHARMA 5 mg COMPRIMIDOS MASTICABLES EFG,MONTELUKAST SODICO,Farmalider S.A.,Farmalider S.A.,680783,5 mg,COMPRIMIDO MASTICABLE,1306188000000,,VÍA ORAL,True,True,True,False,False,False,False,https://cima.aemps.es/cima/dochtml/ft/74108/FT_74108.html,,3,1,354,1,4,ALTA,21.06,21.06,NO,NO
79931,MONTELUKAST AUROVITAS PHARMA 4 MG GRANULADO EFG,MONTELUKAST SODICO,"Aurovitas Spain, S.A.U.","Aurovitas Spain, S.A.U.",706756,4 mg,SOLUCIÓN/SUSPENSIÓN ORAL,1434060000000,1653922769000.0,VÍA ORAL,False,True,True,False,False,False,False,https://cima.aemps.es/cima/dochtml/ft/79931/FT_79931.html,,3,1,335,2,3,BAJA GENERAL,16.84,16.84,NO,NO
72885,MONTELUKAST AUROVITAS SPAIN 10 mg COMPRIMIDOS RECUBIERTOS CON PELICULA EFG,MONTELUKAST SODICO,"Aurovitas Spain, S.A.U.","Aurovitas Spain, S.A.U.",672679,10 mg,COMPRIMIDO,1287439200000,1635258492000.0,VÍA ORAL,False,True,True,False,False,False,False,https://cima.aemps.es/cima/dochtml/ft/72885/FT_72885.html,,3,1,355,2,1,BAJA GENERAL,21.06,21.06,NO,NO
75475,MONTELUKAST AUROVITAS SPAIN 4 mg GRANULADO EFG,MONTELUKAST SODICO,"Aurovitas Spain, S.A.U.","Aurovitas Spain, S.A.U.",687893,4 mg,SOLUCIÓN/SUSPENSIÓN ORAL,1329346800000,,VÍA ORAL,True,True,True,False,False,False,False,https://cima.aemps.es/cima/dochtml/ft/75475/FT_75475.html,,3,1,348,3,4,ALTA,16.84,16.84,NO,NO
76046,MONTELUKAST AUROVITAS 10 MG COMPRIMIDOS RECUBIERTOS CON PELICULA EFG,MONTELUKAST SODICO,"Aurovitas Spain, S.A.U.","Aurovitas Spain, S.A.U.",691301,10 mg,COMPRIMIDO,1355180400000,,VÍA ORAL,True,True,True,False,False,False,False,https://cima.aemps.es/cima/dochtml/ft/76046/FT_76046.html,,3,1,385,3,2,ALTA,21.06,21.06,NO,NO
76065,MONTELUKAST AUROVITAS 4 MG COMPRIMIDOS MASTICABLES EFG,MONTELUKAST SODICO,"Aurovitas Spain, S.A.U.","Aurovitas Spain, S.A.U.",691385,4 mg,COMPRIMIDO MASTICABLE,1355180400000,,VÍA ORAL,True,True,True,False,False,False,False,https://cima.aemps.es/cima/dochtml/ft/76065/FT_76065.html,,3,1,386,3,4,ALTA,16.84,16.84,NO,NO
76066,MONTELUKAST AUROVITAS 5 MG COMPRIMIDOS MASTICABLES EFG,MONTELUKAST SODICO,"Aurovitas Spain, S.A.U.","Aurovitas Spain, S.A.U.",691407,5 mg,COMPRIMIDO MASTICABLE,1355180400000,,VÍA ORAL,True,True,True,False,False,False,False,https://cima.aemps.es/cima/dochtml/ft/76066/FT_76066.html,,3,1,390,3,3,ALTA,21.06,21.06,NO,NO
75786,MONTELUKAST COMBIX 10 mg COMPRIMIDOS RECUBIERTOS CON PELICULA EFG,MONTELUKAST,Laboratorios Combix S.L.U.,Laboratorios Combix S.L.U.,689269,10 mg,COMPRIMIDO,1334599007000,,VÍA ORAL,True,True,True,False,False,False,False,https://cima.aemps.es/cima/dochtml/ft/75786/FT_75786.html,,3,1,291,2,1,ALTA,21.06,21.06,NO,NO
73921,MONTELUKAST COMBIX 5 mg COMPRIMIDOS MASTICABLES EFG,MONTELUKAST SODICO,Laboratorios Combix S.L.U.,Laboratorios Combix S.L.U.,679729,5 mg,COMPRIMIDO MASTICABLE,1303164000000,,VÍA ORAL,True,True,True,False,False,False,False,https://cima.aemps.es/cima/dochtml/ft/73921/FT_73921.html,,3,1,276,1,3,ALTA,21.06,21.06,NO,NO
73079,MONTELUKAST KERN PHARMA 10 mg COMPRIMIDOS RECUBIERTOS CON PELICULA EFG,MONTELUKAST SODICO,Kern Pharma S.L.,Kern Pharma S.L.,672791,10 mg,COMPRIMIDO,1290553200000,,VÍA ORAL,True,True,True,False,False,False,False,https://cima.aemps.es/cima/dochtml/ft/73079/FT_73079.html,,3,1,367,2,2,ALTA,21.06,21.06,NO,NO
73077,MONTELUKAST KERN PHARMA 4 mg COMPRIMIDOS MASTICABLES EFG,MONTELUKAST SODICO,Kern Pharma S.L.,Kern Pharma S.L.,672779,4 mg,COMPRIMIDO MASTICABLE,1290553200000,,VÍA ORAL,True,True,True,False,False,False,False,https://cima.aemps.es/cima/dochtml/ft/73077/FT_73077.html,,3,1,348,2,4,ALTA,16.84,16.84,NO,NO
73078,MONTELUKAST KERN PHARMA 5 mg COMPRIMIDOS MASTICABLES EFG,MONTELUKAST SODICO,Kern Pharma S.L.,Kern Pharma S.L.,672789,5 mg,COMPRIMIDO MASTICABLE,1290553200000,,VÍA ORAL,True,True,True,False,False,False,False,https://cima.aemps.es/cima/dochtml/ft/73078/FT_73078.html,,3,1,350,2,4,ALTA,21.06,21.06,NO,NO
76071,MONTELUKAST MABO 10 mg COMPRIMIDOS RECUBIERTOS CON PELICULA EFG,MONTELUKAST SODICO,Mabo Farma S.A.,Mabo Farma S.A.,691440,10 mg,COMPRIMIDO,1339742568000,,VÍA ORAL,True,True,True,False,False,False,False,https://cima.aemps.es/cima/dochtml/ft/76071/FT_76071.html,,3,1,374,3,2,ALTA,21.06,21.06,NO,NO
76070,MONTELUKAST MABO 4 mg COMPRIMIDOS MASTICABLES EFG,MONTELUKAST SODICO,Mabo Farma S.A.,Mabo Farma S.A.,691439,4 mg,COMPRIMIDO MASTICABLE,1339742568000,1700666159000.0,VÍA ORAL,False,True,True,False,False,False,False,https://cima.aemps.es/cima/dochtml/ft/76070/FT_76070.html,,3,1,343,2,3,BAJA GENERAL,16.84,16.84,NO,NO
76072,MONTELUKAST MABO 5 mg COMPRIMIDOS MASTICABLES EFG,MONTELUKAST SODICO,Mabo Farma S.A.,Mabo Farma S.A.,691441,5 mg,COMPRIMIDO MASTICABLE,1339742567000,1701334845000.0,VÍA ORAL,False,True,True,False,False,False,False,https://cima.aemps.es/cima/dochtml/ft/76072/FT_76072.html,,3,1,343,2,3,BAJA GENERAL,21.06,21.06,NO,NO
74233,MONTELUKAST NORMON 4 mg COMPRIMIDOS MASTICABLES EFG,MONTELUKAST SODICO,Laboratorios Normon S.A.,Laboratorios Normon S.A.,681207,4 mg,COMPRIMIDO MASTICABLE,1307916000000,,VÍA ORAL,True,True,True,False,False,False,False,https://cima.aemps.es/cima/dochtml/ft/74233/FT_74233.html,https://cima.aemps.es/cima/fotos/thumbnails/formafarmac/74233/74233_formafarmac.jpg,3,1,402,2,4,ALTA,16.84,16.84,NO,NO
78001,MONTELUKAST PENSA 10 MG COMPRIMIDOS RECUBIERTOS CON PELICULA EFG,MONTELUKAST SODICO,Towa Pharmaceutical S.A.,Towa Pharmaceutical S.A.,699726,10 mg,COMPRIMIDO,1380578400000,,VÍA ORAL,True,True,True,False,False,False,False,https://cima.aemps.es/cima/dochtml/ft/78001/FT_78001.html,,3,1,365,2,2,ALTA,21.06,21.06,NO,NO
78002,MONTELUKAST PENSA 4 MG COMPRIMIDOS MASTICABLES EFG,MONTELUKAST SODICO,Towa Pharmaceutical S.A.,Towa Pharmaceutical S.A.,699730,4 mg,COMPRIMIDO MASTICABLE,1380578400000,,VÍA ORAL,True,True,True,False,False,False,False,https://cima.aemps.es/cima/dochtml/ft/78002/FT_78002.html,,3,1,349,2,4,ALTA,16.84,16.84,NO,NO
78003,MONTELUKAST PENSA 5 MG COMPRIMIDOS MASTICABLES EFG,MONTELUKAST SODICO,Towa Pharmaceutical S.A.,Towa Pharmaceutical S.A.,699733,5 mg,COMPRIMIDO MASTICABLE,1380578400000,,VÍA ORAL,True,True,True,False,False,False,False,https://cima.aemps.es/cima/dochtml/ft/78003/FT_78003.html,,3,1,349,2,4,ALTA,21.06,21.06,NO,NO
70899,MONTELUKAST QUALIGEN 10 mg COMPRIMIDOS RECUBIERTOS CON PELICULA EFG,MONTELUKAST SODICO,Neuraxpharm Spain S.L.U.,Neuraxpharm Spain S.L.U.,662870,10 mg,COMPRIMIDO,1241560800000,,VÍA ORAL,True,True,True,False,False,False,False,https://cima.aemps.es/cima/dochtml/ft/70899/FT_70899.html,,3,1,380,3,2,ALTA,21.06,21.06,NO,NO
71403,MONTELUKAST QUALIGEN 4 mg COMPRIMIDOS MASTICABLES EFG,MONTELUKAST SODICO,Neuraxpharm Spain S.L.U.,Neuraxpharm Spain S.L.U.,663974,4 mg,COMPRIMIDO MASTICABLE,1254088800000,,VÍA ORAL,True,True,True,False,False,False,False,https://cima.aemps.es/cima/dochtml/ft/71403/FT_71403.html,,3,1,404,3,4,ALTA,16.84,16.84,NO,NO
71407,MONTELUKAST QUALIGEN 5 mg COMPRIMIDOS MASTICABLES EFG,MONTELUKAST SODICO,Neuraxpharm Spain S.L.U.,Neuraxpharm Spain S.L.U.,663986,5 mg,COMPRIMIDO MASTICABLE,1254175200000,,VÍA ORAL,True,True,True,False,False,False,False,https://cima.aemps.es/cima/dochtml/ft/71407/FT_71407.html,,3,1,404,3,4,ALTA,21.06,21.06,NO,NO
77159,MONTELUKAST RATIOPHARM 4 MG GRANULADO EFG,MONTELUKAST SODICO,Teva Pharma S.L.U.,Teva Pharma S.L.U.,696875,4 mg,SOLUCIÓN/SUSPENSIÓN ORAL,1360882800000,1756394530000.0,VÍA ORAL,False,True,True,False,False,False,False,https://cima.aemps.es/cima/dochtml/ft/77159/FT_77159.html,,3,1,368,2,4,BAJA GENERAL,16.84,16.84,NO,NO
75381,MONTELUKAST SUN 10 mg COMPRIMIDOS RECUBIERTOS CON PELICULA EFG,MONTELUKAST SODICO,Sun Pharmaceutical Industries (Europe) B.V.,Sun Pharma Laboratorios S.L.,687439,10 MG,COMPRIMIDO,1328223600000,,VÍA ORAL,True,True,True,False,False,False,False,https://cima.aemps.es/cima/dochtml/ft/75381/FT_75381.html,,3,1,375,2,2,ALTA,21.06,21.06,NO,NO
85536,MONTELUKAST TARBIS FARMA 10 MG COMPRIMIDOS RECUBIERTOS CON PELICULA EFG,MONTELUKAST SODICO,Tarbis Farma S.L.,Tarbis Farma S.L.,729645,10 mg,COMPRIMIDO,1607532671000,,VÍA ORAL,True,True,True,False,False,False,False,https://cima.aemps.es/cima/dochtml/ft/85536/FT_85536.html,,3,1,371,2,2,ALTA,21.06,21.06,NO,NO
70898,MONTELUKAST TARBIS 10 mg COMPRIMIDOS RECUBIERTOS CON PELICULA EFG,MONTELUKAST SODICO,Tarbis Farma S.L.,Tarbis Farma S.L.,662869,10 mg,COMPRIMIDO,1241560800000,,VÍA ORAL,False,True,True,False,False,False,False,https://cima.aemps.es/cima/dochtml/ft/70898/FT_70898.html,,3,1,354,1,1,BAJA POR NO COMERCIALIZAR,21.06,21.06,NO,NO
71411,MONTELUKAST TARBIS 4 mg COMPRIMIDOS MASTICABLES EFG,MONTELUKAST SODICO,Tarbis Farma S.L.,Tarbis Farma S.L.,663999,4 mg / comprimido,COMPRIMIDO MASTICABLE,1254175200000,,VÍA ORAL,False,True,True,False,False,False,False,https://cima.aemps.es/cima/dochtml/ft/71411/FT_71411.html,,3,1,338,1,3,BAJA POR NO COMERCIALIZAR,16.84,16.84,NO,NO
71410,MONTELUKAST TARBIS 5 mg COMPRIMIDOS MASTICABLES EFG,MONTELUKAST SODICO,Tarbis Farma S.L.,Tarbis Farma S.L.,663995,5 mg,COMPRIMIDO MASTICABLE,1254175200000,,VÍA ORAL,False,True,True,False,False,False,False,https://cima.aemps.es/cima/dochtml/ft/71410/FT_71410.html,,3,1,338,1,3,BAJA POR NO COMERCIALIZAR,21.06,21.06,NO,NO
70888,MONTELUKAST TEVA 10 mg COMPRIMIDOS RECUBIERTOS CON PELICULA EFG,MONTELUKAST SODICO,Teva Pharma S.L.U.,Teva Pharma S.L.U.,662909,10 mg,COMPRIMIDO,1241474400000,,VÍA ORAL,True,True,True,False,False,False,False,https://cima.aemps.es/cima/dochtml/ft/70888/FT_70888.html,,3,1,366,3,2,ALTA,21.06,21.06,NO,NO
70423,MONTELUKAST TEVA 4 mg COMPRIMIDOS MASTICABLES EFG,MONTELUKAST SODICO,Teva Pharma S.L.U.,Teva Pharma S.L.U.,662910,4 mg,COMPRIMIDO MASTICABLE,1241474400000,,VÍA ORAL,True,True,True,False,False,False,False,https://cima.aemps.es/cima/dochtml/ft/70423/FT_70423.html,,3,1,405,2,4,ALTA,16.84,16.84,NO,NO
74856,MONTELUKAST TEVA 4 mg GRANULADO EFG,MONTELUKAST SODICO,Teva Pharma S.L.U.,Teva Pharma S.L.U.,684927,4 mg,SOLUCIÓN/SUSPENSIÓN ORAL,1336428000000,,VÍA ORAL,True,True,True,False,False,False,False,https://cima.aemps.es/cima/dochtml/ft/74856/FT_74856.html,,3,1,367,3,4,ALTA,16.84,16.84,NO,NO
70424,MONTELUKAST TEVA 5 mg COMPRIMIDOS MASTICABLES EFG,MONTELUKAST SODICO,Teva Pharma S.L.U.,Teva Pharma S.L.U.,662911,5 mg,COMPRIMIDO MASTICABLE,1241388000000,,VÍA ORAL,True,True,True,False,False,False,False,https://cima.aemps.es/cima/dochtml/ft/70424/FT_70424.html,,3,1,381,2,4,ALTA,21.06,21.06,NO,NO
76467,MONTELUKAST TEVA-RATIOPHARM 10 MG COMPRIMIDOS RECUBIERTOS CON PELICULA EFG,MONTELUKAST SODICO,Teva Pharma S.L.U.,Teva Pharma S.L.U.,693137,10 mg,COMPRIMIDO,1347573600000,,VÍA ORAL,True,True,True,False,False,False,False,https://cima.aemps.es/cima/dochtml/ft/76467/FT_76467.html,,3,1,365,2,2,ALTA,21.06,21.06,NO,NO
76680,MONTELUKAST TEVA-RATIOPHARM 4 MG COMPRIMIDOS MASTICABLES EFG,MONTELUKAST SODICO,Teva Pharma S.L.U.,Teva Pharma S.L.U.,694138,4 mg,COMPRIMIDO MASTICABLE,1351465200000,,VÍA ORAL,True,True,True,False,False,False,False,https://cima.aemps.es/cima/dochtml/ft/76680/FT_76680.html,,3,1,380,2,4,ALTA,16.84,16.84,NO,NO
76681,MONTELUKAST TEVA-RATIOPHARM 5 MG COMPRIMIDOS MASTICABLES EFG,MONTELUKAST SODICO,Teva Pharma S.L.U.,Teva Pharma S.L.U.,694139,5 mg,COMPRIMIDO MASTICABLE,1351465200000,,VÍA ORAL,True,True,True,False,False,False,False,https://cima.aemps.es/cima/dochtml/ft/76681/FT_76681.html,,3,1,381,2,4,ALTA,21.06,21.06,NO,NO
74280,MONTELUKAST UR 10 mg COMPRIMIDOS RECUBIERTOS CON PELICULA EFG,MONTELUKAST SODICO,Aristo Pharma Iberia S.L.,Aristo Pharma Iberia S.L.,681407,10 mg,COMPRIMIDO,1308607200000,,VÍA ORAL,True,True,True,False,False,False,False,https://cima.aemps.es/cima/dochtml/ft/74280/FT_74280.html,,3,1,371,1,2,ALTA,21.06,21.06,NO,NO
74284,MONTELUKAST UR 4 mg COMPRIMIDOS MASTICABLES EFG,MONTELUKAST SODICO,Amneal Pharma Spain S.L.,Aristo Pharma Iberia S.L.,681409,4 mg,COMPRIMIDO MASTICABLE,1308607200000,1721738401000.0,VÍA ORAL,False,True,True,False,False,False,False,https://cima.aemps.es/cima/dochtml/ft/74284/FT_74284.html,,3,1,291,1,3,BAJA GENERAL,16.84,16.84,NO,NO
74285,MONTELUKAST UR 5 mg COMPRIMIDOS MASTICABLES EFG,MONTELUKAST SODICO,Amneal Pharma Spain S.L.,Aristo Pharma Iberia S.L.,681410,5 mg,COMPRIMIDO MASTICABLE,1308607200000,1721738402000.0,VÍA ORAL,False,True,True,False,False,False,False,https://cima.aemps.es/cima/dochtml/ft/74285/FT_74285.html,,3,1,291,1,3,BAJA GENERAL,21.06,21.06,NO,NO
78255,MONTELUKAST VIR 10 MG COMPRIMIDOS RECUBIERTOS CON PELICULA EFG,MONTELUKAST SODICO,Industria Quimica Y Farmaceutica Vir S.A.,Industria Quimica Y Farmaceutica Vir S.A.,700749,10 MG,COMPRIMIDO,1386083018000,,VÍA ORAL,True,True,True,False,False,False,False,https://cima.aemps.es/cima/dochtml/ft/78255/FT_78255.html,,3,1,358,3,2,ALTA,21.06,21.06,NO,NO
78206,MONTELUKAST VIR 4 MG COMPRIMIDOS MASTICABLES EFG,MONTELUKAST SODICO,Industria Quimica Y Farmaceutica Vir S.A.,Industria Quimica Y Farmaceutica Vir S.A.,700397,4 MG,COMPRIMIDO MASTICABLE,1385041662000,,VÍA ORAL,True,True,True,False,False,False,False,https://cima.aemps.es/cima/dochtml/ft/78206/FT_78206.html,,3,1,378,4,4,ALTA,16.84,16.84,NO,NO
78207,MONTELUKAST VIR 5 MG COMPRIMIDOS MASTICABLES EFG,MONTELUKAST SODICO,Industria Quimica Y Farmaceutica Vir S.A.,Industria Quimica Y Farmaceutica Vir S.A.,700398,5 MG,COMPRIMIDO MASTICABLE,1385041658000,,VÍA ORAL,True,True,True,False,False,False,False,https://cima.aemps.es/cima/dochtml/ft/78207/FT_78207.html,,3,1,377,4,4,ALTA,21.06,21.06,NO,NO
84003,PAIDOCORT 3 MG/ML SOLUCION ORAL,PREDNISOLONA FOSFATO SODIO,Laboratorio Aldo Union S.L.,Laboratorio Aldo Union S.L.,725289,4 mg/ml,SOLUCIÓN/SUSPENSIÓN ORAL,1554276363000,,VÍA ORAL,True,True,False,False,False,False,False,https://cima.aemps.es/cima/dochtml/ft/84003/FT_84003.html,,3,1,1393,0,3,ALTA,21.67,21.67,NO,NO
90179,PLURALAIS 10 MG CAPSULAS DURAS EFG,MONTELUKAST SODICO,Laboratorios Alter S.A.,Laboratorios Alter S.A.,767037,10 mg,CAPSULA,1740491050000,,VÍA ORAL,True,True,True,False,False,False,False,https://cima.aemps.es/cima/dochtml/ft/90179/FT_90179.html,,3,1,363,3,1,ALTA,21.06,21.06,NO,NO
70232,PLURALAIS 10 mg COMPRIMIDOS RECUBIERTOS CON PELICULA EFG,MONTELUKAST SODICO,Laboratorios Alter S.A.,Laboratorios Alter S.A.,661855,10 mg,COMPRIMIDO,1226271600000,,VÍA ORAL,True,True,True,False,False,False,False,https://cima.aemps.es/cima/dochtml/ft/70232/FT_70232.html,,3,1,367,3,2,ALTA,21.06,21.06,NO,NO
71409,PLURALAIS 4 mg COMPRIMIDOS MASTICABLES EFG,MONTELUKAST SODICO,Laboratorios Alter S.A.,Laboratorios Alter S.A.,663993,4 mg,COMPRIMIDO MASTICABLE,1254175200000,,VÍA ORAL,True,True,True,False,False,False,False,https://cima.aemps.es/cima/dochtml/ft/71409/FT_71409.html,,3,1,379,3,4,ALTA,16.84,16.84,NO,NO
71408,PLURALAIS 5 mg COMPRIMIDOS MASTICABLES EFG,MONTELUKAST SODICO,Laboratorios Alter S.A.,Laboratorios Alter S.A.,663990,5 mg,COMPRIMIDO MASTICABLE,1254175200000,,VÍA ORAL,True,True,True,False,False,False,False,https://cima.aemps.es/cima/dochtml/ft/71408/FT_71408.html,,3,1,378,3,3,ALTA,21.06,21.06,NO,NO
38501,PREDNISONA ALONGA 10 mg COMPRIMIDOS,PREDNISONA,Cheplapharm Arzneimittel Gmbh,Laboratorios Rubio S.A.,809657,10 mg prednisona,COMPRIMIDO,-226198800000,1703236679000.0,VÍA ORAL,False,True,False,False,False,False,False,https://cima.aemps.es/cima/dochtml/ft/38501/FT_38501.html,,3,1,1252,0,6,BAJA GENERAL,2.5,2.5,SI,NO
29724,PREDNISONA ALONGA 5 mg COMPRIMIDOS,PREDNISONA,Cheplapharm Arzneimittel Gmbh,Laboratorios Rubio S.A.,809681,5 mg prednisona,COMPRIMIDO,-363056400000,1717416985000.0,VÍA ORAL,False,True,False,False,False,False,False,https://cima.aemps.es/cima/dochtml/ft/29724/FT_29724.html,,3,1,1252,0,6,BAJA GENERAL,1.95,1.95,SI,NO
58336,PREDNISONA ALONGA 50 mg COMPRIMIDOS,PREDNISONA,Cheplapharm Arzneimittel Gmbh,Laboratorios Rubio S.A.,989392,50 mg prednisona,COMPRIMIDO,623199600000,1705331559000.0,VÍA ORAL,False,True,False,False,False,False,False,https://cima.aemps.es/cima/dochtml/ft/58336/FT_58336.html,,3,1,1252,0,6,BAJA GENERAL,6.28,6.28,SI,NO
70107,PREDNISONA KERN PHARMA 10 mg COMPRIMIDOS,PREDNISONA,Kern Pharma S.L.,Kern Pharma S.L.,661560,10 mg,COMPRIMIDO,1222725600000,,VÍA ORAL,True,True,False,False,False,False,False,https://cima.aemps.es/cima/dochtml/ft/70107/FT_70107.html,,3,1,964,1,3,ALTA,2.5,2.5,SI,NO
70108,PREDNISONA KERN PHARMA 30 mg COMPRIMIDOS EFG,PREDNISONA,Kern Pharma S.L.,Kern Pharma S.L.,672067,30 mg,COMPRIMIDO,1222725600000,,VÍA ORAL,True,True,True,False,False,False,False,https://cima.aemps.es/cima/dochtml/ft/70108/FT_70108.html,,3,1,964,1,3,ALTA,3.76,3.76,SI,NO
70106,PREDNISONA KERN PHARMA 5 mg COMPRIMIDOS EFG,PREDNISONA,Kern Pharma S.L.,Kern Pharma S.L.,661558,5 mg,COMPRIMIDO,1222725600000,,VÍA ORAL,True,True,True,False,False,False,False,https://cima.aemps.es/cima/dochtml/ft/70106/FT_70106.html,,3,1,964,1,3,ALTA,1.95,1.95,SI,NO
70163,PREDNISONA PENSA 10 mg COMPRIMIDOS,PREDNISONA,Towa Pharmaceutical S.A.,Towa Pharmaceutical S.A.,661677,10 MG,COMPRIMIDO,1224540000000,,VÍA ORAL,True,True,True,False,False,False,False,https://cima.aemps.es/cima/dochtml/ft/70163/FT_70163.html,,3,1,958,1,3,ALTA,2.5,2.5,SI,NO
70164,PREDNISONA PENSA 30 mg COMPRIMIDOS EFG,PREDNISONA,Towa Pharmaceutical S.A.,Towa Pharmaceutical S.A.,661679,30 MG,COMPRIMIDO,1224540000000,,VÍA ORAL,True,True,True,False,False,False,False,https://cima.aemps.es/cima/dochtml/ft/70164/FT_70164.html,,3,1,958,1,3,ALTA,3.76,3.76,SI,NO
70162,PREDNISONA PENSA 5 mg COMPRIMIDOS EFG,PREDNISONA,Towa Pharmaceutical S.A.,Towa Pharmaceutical S.A.,661675,5 mg,COMPRIMIDO,1224540000000,,VÍA ORAL,True,True,True,False,False,False,False,https://cima.aemps.es/cima/dochtml/ft/70162/FT_70162.html,,3,1,958,1,3,ALTA,1.95,1.95,SI,NO
75641,PREDNISONA TARBIS 10 mg COMPRIMIDOS,PREDNISONA,Tarbis Farma S.L.,Tarbis Farma S.L.,688701,10 mg prednisona/comprimido,COMPRIMIDO,1332198000000,,VÍA ORAL,True,True,False,False,False,False,False,https://cima.aemps.es/cima/dochtml/ft/75641/FT_75641.html,,3,1,636,0,0,ALTA,2.5,2.5,SI,NO
75634,"PREDNISONA TARBIS 2,5 mg COMPRIMIDOS EFG",PREDNISONA,Tarbis Farma S.L.,Tarbis Farma S.L.,688679,"2,5 mg prednisona/comprimido",COMPRIMIDO,1332198000000,,VÍA ORAL,True,True,True,False,False,False,False,https://cima.aemps.es/cima/dochtml/ft/75634/FT_75634.html,,3,1,636,0,0,ALTA,1.89,1.89,SI,NO
75677,PREDNISONA TARBIS 30 mg COMPRIMIDOS EFG,PREDNISONA,Tarbis Farma S.L.,Tarbis Farma S.L.,688761,30 mg prednisona/comprimido,COMPRIMIDO,1332370800000,,VÍA ORAL,True,True,True,False,False,False,False,https://cima.aemps.es/cima/dochtml/ft/75677/FT_75677.html,,3,1,636,0,0,ALTA,3.76,3.76,SI,NO
75640,PREDNISONA TARBIS 5 mg COMPRIMIDOS EFG,PREDNISONA,Tarbis Farma S.L.,Tarbis Farma S.L.,688695,5 mg prednisona/comprimido,COMPRIMIDO,1332198000000,,VÍA ORAL,True,True,True,False,False,False,False,https://cima.aemps.es/cima/dochtml/ft/75640/FT_75640.html,,3,1,636,0,0,ALTA,1.95,1.95,SI,NO
69271,PROVOCHOLINE 100 MG POLVO PARA SOLUCIÓN PARA INHALACION POR NEBULIZADOR,METACOLINA HIDROCLORURO,Diater Laboratorio De Diagnostico Y Aplicaciones Terapeuticas S.A.,Diater Laboratorio De Diagnostico Y Aplicaciones Terapeuticas S.A.,659872,100 mg,INHALACIÓN PULMONAR,1190152800000,,VÍA INHALATORIA,True,True,False,False,False,False,False,https://cima.aemps.es/cima/dochtml/ft/69271/FT_69271.html,,3,1,477,4,0,ALTA,320.74,,NO,NO
84018,RECTODELT 100 MG SUPOSITORIOS EFG,PREDNISONA,Mibe Pharma España S.L.U.,Mibe Pharma España S.L.U.,725321,100 mg,SUPOSITORIO,1568024211000,,VÍA RECTAL,False,True,True,False,False,False,False,https://cima.aemps.es/cima/dochtml/ft/84018/FT_84018.html,,3,1,365,1,1,SUSPENSION TEMPORAL GENERAL,2.65,,NO,NO
70869,SALBUTAMOL SANDOZ 100 microgramos/DOSIS SUSPENSION PARA INHALACION EN ENVASE A PRESION,SALBUTAMOL SULFATO,Sandoz Farmaceutica S.A.,Sandoz Farmaceutica S.A.,664251,100 MCG (SALBUTAMOL)/DOSIS,INHALACIÓN PULMONAR,1258498800000,1764930120000.0,VÍA INHALATORIA,False,True,False,False,False,False,False,https://cima.aemps.es/cima/dochtml/ft/70869/FT_70869.html,,3,1,581,1,7,BAJA GENERAL,4.09,4.09,SI,NO
81181,SALMETEROL/FLUTICASONA CIPLA 25 MICROGRAMOS/125 MICROGRAMOS/INHALACION SUSPENSION PARA INHALACION EN ENVASE A PRESION,"SALMETEROL XINAFOATO, FLUTICASONA PROPIONATO",Cipla Europe,Cipla Europe Nv Sucursal En Espana,712329,25 microgramos/125 microgramos,INHALACIÓN PULMONAR,1472508000000,,VÍA INHALATORIA,True,True,False,False,False,False,False,https://cima.aemps.es/cima/dochtml/ft/81181/FT_81181.html,,3,2,1513,4,9,ALTA,41.28,41.28,NO,NO
81182,SALMETEROL/FLUTICASONA CIPLA 25 MICROGRAMOS/250 MICOGRAMOS/INHALACION SUSPENSION PARA INHALACION EN ENVASE A PRESION,"SALMETEROL XINAFOATO, FLUTICASONA PROPIONATO",Cipla Europe,Cipla Europe Nv Sucursal En Espana,712330,25 microgramos/250 microgramos,INHALACIÓN PULMONAR,1472508000000,,VÍA INHALATORIA,True,True,False,False,False,False,False,https://cima.aemps.es/cima/dochtml/ft/81182/FT_81182.html,,3,2,1513,4,9,ALTA,41.28,41.28,NO,NO
81790,"SALMETEROL/FLUTICASONA CIPLA 50 MICROGRAMOS/250 MICROGRAMOS/INHALACION, POLVO PARA INHALACION (UNIDOSIS)","SALMETEROL XINAFOATO, FLUTICASONA PROPIONATO",Cipla Europe N.V.,Cipla Europe Nv Sucursal En Espana,714997,50 µg/250 µg,INHALACIÓN PULMONAR,1487631600000,,VÍA INHALATORIA,True,True,False,False,False,False,False,https://cima.aemps.es/cima/dochtml/ft/81790/FT_81790.html,,3,2,1555,5,8,ALTA,41.28,41.28,NO,NO
81791,"SALMETEROL/FLUTICASONA CIPLA 50 MICROGRAMOS/500 MICROGRAMOS/INHALACION, POLVO PARA INHALACION (UNIDOSIS)","SALMETEROL XINAFOATO, FLUTICASONA PROPIONATO",Cipla Europe N.V.,Cipla Europe Nv Sucursal En Espana,715006,50 μg/500 μg,INHALACIÓN PULMONAR,1487631600000,,VÍA INHALATORIA,True,True,False,False,False,False,False,https://cima.aemps.es/cima/dochtml/ft/81791/FT_81791.html,,3,2,1555,5,8,ALTA,41.28,41.28,NO,NO
1211533001,"SEFFALAIR SPIROMAX 12,75 microgramos/100 microgramos POLVO PARA INHALACION","SALMETEROL XINAFOATO, FLUTICASONA PROPIONATO",Teva B.V.,Teva Pharma S.L.U.,730928,"12,75 microgramos/100 microgramos",INHALACIÓN PULMONAR,1621951261000,,VÍA INHALATORIA,True,True,False,False,False,False,False,https://cima.aemps.es/cima/dochtml/ft/1211533001/FT_1211533001.html,,3,2,1518,4,4,ALTA,41.28,41.28,NO,NO
1211533003,SEFFALAIR SPIROMAX 12.75 microgramos/202 microgramos POLVO PARA INHALACION,"SALMETEROL XINAFOATO, FLUTICASONA PROPIONATO",Teva B.V.,Teva Pharma S.L.U.,730997,"12,75 microgramos/202 microgramos",INHALACIÓN PULMONAR,1621951262000,,VÍA INHALATORIA,True,True,False,False,False,False,False,https://cima.aemps.es/cima/dochtml/ft/1211533003/FT_1211533003.html,,3,2,1518,4,4,ALTA,41.28,41.28,NO,NO
83247,SOLTEL 25 MICROGRAMOS/INHALACION SUSPENSION PARA INHALACION EN ENVASE A PRESION,SALMETEROL XINAFOATO,Cipla Europe N.V.,Cipla Europe Nv Sucursal En Espana,722187,25 microgramos,INHALACIÓN PULMONAR,1553554800000,,VÍA INHALATORIA,True,True,False,False,False,False,False,https://cima.aemps.es/cima/dochtml/ft/83247/FT_83247.html,,3,1,1215,5,5,ALTA,29.58,29.58,NO,NO
53203,SOLU-MODERIN 1 G POLVO Y DISOLVENTE PARA SOLUCIÓN INYECTABLE,METILPREDNISOLONA,Pfizer S.L.,Pfizer S.L.,882662,1 g metilprednisolona,INYECTABLE,191977200000,,VÍA INTRAMUSCULAR,True,True,False,False,False,False,False,https://cima.aemps.es/cima/dochtml/ft/53203/FT_53203.html,,3,1,1797,1,5,ALTA,14.11,14.11,NO,NO
49768,SOLU-MODERIN 125 MG POLVO Y DISOLVENTE PARA SOLUCIÓN INYECTABLE,METILPREDNISOLONA,Pfizer S.L.,Pfizer S.L.,825539,125 mg metilprednisolona,INYECTABLE,63068400000,,VÍA INTRAMUSCULAR,True,True,False,False,False,False,False,https://cima.aemps.es/cima/dochtml/ft/49768/FT_49768.html,,3,1,1797,1,5,ALTA,2.5,2.5,NO,NO
53202,SOLU-MODERIN 500 MG POLVO Y DISOLVENTE PARA SOLUCIÓN INYECTABLE,METILPREDNISOLONA,Pfizer S.L.,Pfizer S.L.,882654,500 mg metilprednisolona,INYECTABLE,191977200000,,VÍA INTRAMUSCULAR,True,True,False,False,False,False,False,https://cima.aemps.es/cima/dochtml/ft/53202/FT_53202.html,,3,1,1797,1,5,ALTA,7.06,7.06,NO,NO
52616,"TERBASMIN 0,3 mg/ml SOLUCION ORAL",TERBUTALINA SULFATO,Laboratorios Ern S.A.,Laboratorios Ern S.A.,700608,"0,03 g",SOLUCIÓN/SUSPENSIÓN ORAL,165538800000,,VÍA ORAL,True,True,False,False,False,False,False,https://cima.aemps.es/cima/dochtml/ft/52616/FT_52616.html,,3,1,193,1,0,ALTA,4.14,,SI,NO
31900,TEROMOL RETARD 300 MG COMPRIMIDOS DE LIBERACIÓN PROLONGADA,TEOFILINA ANHIDRA,Laboratorio Aldo Union S.L.,Laboratorio Aldo Union S.L.,936781,300 mg,COMPRIMIDO LIBERACION MODIFICADA,-334112400000,,VÍA ORAL,True,True,False,True,False,False,False,https://cima.aemps.es/cima/dochtml/ft/31900/FT_31900.html,,3,1,395,2,1,ALTA,5.03,5.03,SI,NO
56199,THEO-DUR 100 mg COMPRIMIDOS DE LIBERACION PROLONGADA,TEOFILINA ANHIDRA,Vegal Farmaceutica S.L.,Vegal Farmaceutica S.L.,656693,100 mg,COMPRIMIDO LIBERACION MODIFICADA,444438000000,,VÍA ORAL,True,True,False,True,False,False,False,https://cima.aemps.es/cima/dochtml/ft/56199/FT_56199.html,,3,1,379,1,1,ALTA,4.17,4.17,SI,NO
56165,THEO-DUR 200 mg COMPRIMIDOS DE LIBERACION PROLONGADA,TEOFILINA ANHIDRA,Vegal Farmaceutica S.L.,Vegal Farmaceutica S.L.,656713,200 mg,COMPRIMIDO LIBERACION MODIFICADA,444438000000,,VÍA ORAL,True,True,False,True,False,False,False,https://cima.aemps.es/cima/dochtml/ft/56165/FT_56165.html,,3,1,379,1,1,ALTA,4.54,4.54,SI,NO
56166,THEO-DUR 300 mg COMPRIMIDOS DE LIBERACION PROLONGADA,TEOFILINA ANHIDRA,Vegal Farmaceutica S.L.,Vegal Farmaceutica S.L.,958215,300 mg,COMPRIMIDO LIBERACION MODIFICADA,444438000000,,VÍA ORAL,True,True,False,True,False,False,False,https://cima.aemps.es/cima/dochtml/ft/56166/FT_56166.html,,3,1,379,1,1,ALTA,5.03,5.03,SI,NO
59123,URBASON 16 mg COMPRIMIDOS,METILPREDNISOLONA,Fidia Farmaceutici S.P.A.,Laboratorios Fidia Farmaceutica S.L.,863167,16 mg,COMPRIMIDO,688950000000,,VÍA ORAL,True,True,False,False,False,False,False,https://cima.aemps.es/cima/dochtml/ft/59123/FT_59123.html,,3,1,1365,0,6,ALTA,12.21,,SI,NO
34022,URBASON 20 mg POLVO Y DISOLVENTE PARA SOLUCION INYECTABLE,METILPREDNISOLONA,Fidia Farmaceutici S.P.A.,Laboratorios Fidia Farmaceutica S.L.,691261,20 mg,INYECTABLE,-302490000000,,VÍA INTRAMUSCULAR,True,True,False,False,False,False,False,https://cima.aemps.es/cima/dochtml/ft/34022/FT_34022.html,,3,1,1459,0,7,ALTA,1.37,1.37,NO,NO
50537,URBASON 250 mg POLVO Y DISOLVENTE PARA SOLUCION INYECTABLE O PARA PERFUSION,METILPREDNISOLONA,Fidia Farmaceutici S.P.A.,Laboratorios Fidia Farmaceutica S.L.,842435,250 mg,INYECTABLE,84150000000,,VÍA INTRAMUSCULAR,True,True,False,False,False,False,False,https://cima.aemps.es/cima/dochtml/ft/50537/FT_50537.html,,3,1,1459,0,7,ALTA,3.53,3.53,NO,NO
32729,URBASON 4 mg COMPRIMIDOS,METILPREDNISOLONA,Fidia Farmaceutici S.P.A.,Laboratorios Fidia Farmaceutica S.L.,842492,4 mg,COMPRIMIDO,-326163600000,,VÍA ORAL,True,True,False,False,False,False,False,https://cima.aemps.es/cima/dochtml/ft/32729/FT_32729.html,,3,1,1363,0,6,ALTA,2.12,,SI,NO
59124,URBASON 40 mg COMPRIMIDOS,METILPREDNISOLONA,Fidia Farmaceutici S.P.A.,Laboratorios Fidia Farmaceutica S.L.,893586,40 mg,COMPRIMIDO,688950000000,,VÍA ORAL,True,True,False,False,False,False,False,https://cima.aemps.es/cima/dochtml/ft/59124/FT_59124.html,,3,1,1365,0,6,ALTA,19.09,,SI,NO
34023,URBASON 40 mg POLVO Y DISOLVENTE PARA SOLUCION INYECTABLE,METILPREDNISOLONA,Fidia Farmaceutici S.P.A.,Laboratorios Fidia Farmaceutica S.L.,691253,40 mg,INYECTABLE,-302490000000,,VÍA INTRAMUSCULAR,True,True,False,False,False,False,False,https://cima.aemps.es/cima/dochtml/ft/34023/FT_34023.html,,3,1,1459,0,7,ALTA,1.48,1.48,NO,NO
34021,URBASON 8 mg POLVO Y DISOLVENTE PARA SOLUCION INYECTABLE,METILPREDNISOLONA,Fidia Farmaceutici S.P.A.,Laboratorios Fidia Farmaceutica S.L.,691246,8 mg,INYECTABLE,-302490000000,,VÍA INTRAMUSCULAR,True,True,False,False,False,False,False,https://cima.aemps.es/cima/dochtml/ft/34021/FT_34021.html,,3,1,1459,0,7,ALTA,1.2,1.2,NO,NO
52404,VENTOALDO 100 mcg/DOSIS SUSPENSION PARA INHALACION EN ENVASE A PRESION,SALBUTAMOL SULFATO,Laboratorio Aldo Union S.L.,Laboratorio Aldo Union S.L.,652530,"0,2400 g",INHALACIÓN PULMONAR,136591200000,,VÍA INHALATORIA,True,True,False,False,False,False,False,https://cima.aemps.es/cima/dochtml/ft/52404/FT_52404.html,,3,1,561,0,7,ALTA,6.21,6.21,SI,NO
55497,VENTODUO 100 MICROGRAMOS/50 MICROGRAMOS/PULSACIÓN SUSPENSIÓN PARA INHALACIÓN EN ENVASE A PRESIÓN,"SALBUTAMOL SULFATO, BECLOMETASONA DIPROPIONATO",Laboratorio Aldo Union S.L.,Laboratorio Aldo Union S.L.,700656,50 microgramos/100 microgramos,INHALACIÓN PULMONAR,357516000000,,VÍA INHALATORIA,True,True,False,False,False,False,False,https://cima.aemps.es/cima/dochtml/ft/55497/FT_55497.html,,3,2,1104,1,5,ALTA,9.59,,NO,NO
53931,"VENTOLIN 4 mg, COMPRIMIDOS",SALBUTAMOL,Glaxosmithkline S.A.,Glaxosmithkline S.A.,845735,4 mg salbutamol,COMPRIMIDO,244508400000,1699460645000.0,VÍA ORAL,False,True,False,False,False,False,False,https://cima.aemps.es/cima/dochtml/ft/53931/FT_53931.html,,3,1,678,0,4,BAJA GENERAL,2.81,2.81,SI,NO
