,nregistro,nombre,pactivos,labtitular,labcomercializador,cn,dosis,formaFarmaceuticaSimplificada,estado_aut,estado_rev,viasAdministracion,comerc,receta,generico,conduc,triangulo,huerfano,biosimilar,url_html_ficha_tecnica,url_foto_materiales,num_registros_atc,num_principios_activos
0,52105,ACTOCORTINA 373 mg POLVO PARA SOLUCIÓN INYECTABLE,HIDROCORTISONA FOSFATO SODIO,Cheplapharm Arzneimittel Gmbh,Laboratorios Rubio S.A.,606558,373 MG,INYECTABLE,128905200000,,VÍA INTRAMUSCULAR,True,True,False,False,False,False,False,https://cima.aemps.es/cima/pdfs/ft/52105/FT_52105.pdf,https://cima.aemps.es/cima/fotos/thumbnails/materialas/52105/52105_materialas.jpg,3,1
1,80248,AIRFLUSAL FORSPIRO 50 MICROGRAMOS/250 MICROGRAMOS/INHALACION POLVO PARA INHALACION (UNIDOSIS),"FLUTICASONA PROPIONATO, SALMETEROL XINAFOATO",Sandoz Farmaceutica S.A.,Sandoz Farmaceutica S.A.,707896,50 microgramos/250 microgramos,INHALACIÓN PULMONAR,1447110000000,,VÍA INHALATORIA,True,True,False,False,False,False,False,https://cima.aemps.es/cima/pdfs/ft/80248/FT_80248.pdf,https://cima.aemps.es/cima/fotos/thumbnails/materialas/80248/80248_materialas.jpg,3,2
2,80249,AIRFLUSAL FORSPIRO 50 MICROGRAMOS/500 MICROGRAMOS/INHALACION POLVO PARA INHALACION (UNIDOSIS),"SALMETEROL XINAFOATO, FLUTICASONA PROPIONATO",Sandoz Farmaceutica S.A.,Sandoz Farmaceutica S.A.,707904,50 microgramos/500 microgramos,INHALACIÓN PULMONAR,1447110000000,,VÍA INHALATORIA,True,True,False,False,False,False,False,https://cima.aemps.es/cima/pdfs/ft/80249/FT_80249.pdf,https://cima.aemps.es/cima/fotos/thumbnails/materialas/80249/80249_materialas.jpg,3,2
3,62839,"ANASMA ACCUHALER 50 microgramos/100 microgramos/INHALACIÓN, POLVO PARA INHALACIÓN","FLUTICASONA PROPIONATO, SALMETEROL XINAFOATO",Glaxosmithkline S.A.,Glaxosmithkline S.A.,842898,"0,1 mg / 0,05 mg",INHALACIÓN PULMONAR,945644400000,,VÍA INHALATORIA,True,True,False,False,False,False,False,https://cima.aemps.es/cima/pdfs/ft/62839/FT_62839.pdf,https://cima.aemps.es/cima/fotos/thumbnails/materialas/62839/62839_materialas.jpg,3,2
4,62840,"ANASMA ACCUHALER 50 microgramos/250 microgramos/INHALACIÓN, POLVO PARA INHALACIÓN","FLUTICASONA PROPIONATO, SALMETEROL XINAFOATO",Glaxosmithkline S.A.,Glaxosmithkline S.A.,700543,"0,25 mg / 0,05 mg",INHALACIÓN PULMONAR,945644400000,,VÍA INHALATORIA,True,True,False,False,False,False,False,https://cima.aemps.es/cima/pdfs/ft/62840/FT_62840.pdf,https://cima.aemps.es/cima/fotos/thumbnails/materialas/62840/62840_materialas.jpg,3,2
5,62841,"ANASMA ACCUHALER 50 microgramos/500 microgramos/INHALACIÓN, POLVO PARA INHALACIÓN","FLUTICASONA PROPIONATO, SALMETEROL XINAFOATO",Glaxosmithkline S.A.,Glaxosmithkline S.A.,700544,"0,5 mg / 0,05 mg",INHALACIÓN PULMONAR,945644400000,,VÍA INHALATORIA,True,True,False,False,False,False,False,https://cima.aemps.es/cima/pdfs/ft/62841/FT_62841.pdf,https://cima.aemps.es/cima/fotos/thumbnails/materialas/62841/62841_materialas.jpg,3,2
6,63924,"ANASMA 25 MICROGRAMOS/125 MICROGRAMOS/INHALACION, SUSPENSION PARA INHALACION EN ENVASE A PRESION","FLUTICASONA PROPIONATO, SALMETEROL XINAFOATO",Glaxosmithkline S.A.,Glaxosmithkline S.A.,816264,25mcg salmeterol/50 mcg  propionato de fluticasona,INHALACIÓN PULMONAR,990655200000,,VÍA INHALATORIA,True,True,False,False,False,False,False,https://cima.aemps.es/cima/pdfs/ft/63924/FT_63924.pdf,https://cima.aemps.es/cima/fotos/thumbnails/materialas/63924/63924_materialas.jpg,3,2
7,63925,"ANASMA 25 MICROGRAMOS/250 MICROGRAMOS/INHALACION, SUSPENSION PARA INHALACION EN ENVASE A PRESION","FLUTICASONA PROPIONATO, SALMETEROL XINAFOATO",Glaxosmithkline S.A.,Glaxosmithkline S.A.,817684,25 mcg salmeterol/250mcg propionato de fluticasona,INHALACIÓN PULMONAR,990655200000,,VÍA INHALATORIA,True,True,False,False,False,False,False,https://cima.aemps.es/cima/pdfs/ft/63925/FT_63925.pdf,https://cima.aemps.es/cima/fotos/thumbnails/materialas/63925/63925_materialas.jpg,3,2
8,63923,"ANASMA 25 MICROGRAMOS/50 MICROGRAMOS/INHALACION, SUSPENSION PARA INHALACION EN ENVASE A PRESION","FLUTICASONA PROPIONATO, SALMETEROL XINAFOATO",Glaxosmithkline S.A.,Glaxosmithkline S.A.,813089,25 mcg salmeterol/50 mcg propionato fluticasona,INHALACIÓN PULMONAR,990655200000,,VÍA INHALATORIA,True,True,False,False,False,False,False,https://cima.aemps.es/cima/pdfs/ft/63923/FT_63923.pdf,https://cima.aemps.es/cima/fotos/thumbnails/materialas/63923/63923_materialas.jpg,3,2
9,65226,ASMANEX TWISTHALER 200 microgramos POLVO PARA INHALACION,MOMETASONA FUROATO,Organon Salud S.L.,Organon Salud S.L.,744474,200 mcg,INHALACIÓN PULMONAR,1044918000000,,VÍA INHALATORIA,True,True,False,False,False,False,False,https://cima.aemps.es/cima/pdfs/ft/65226/FT_65226.pdf,https://cima.aemps.es/cima/fotos/thumbnails/materialas/65226/65226_materialas.jpg,3,1
10,65236,ASMANEX TWISTHALER 400 microgramos POLVO PARA INHALACION,MOMETASONA FUROATO,Organon Salud S.L.,Organon Salud S.L.,751099,400 µg,INHALACIÓN PULMONAR,1046041200000,,VÍA INHALATORIA,True,True,False,False,False,False,False,https://cima.aemps.es/cima/pdfs/ft/65236/FT_65236.pdf,https://cima.aemps.es/cima/fotos/thumbnails/materialas/65236/65236_materialas.jpg,3,1
11,52810,BECOTIDE 50 microgramos/inhalación SOLUCION PARA INHALACION EN ENVASE A PRESION,BECLOMETASONA DIPROPIONATO,Glaxosmithkline S.A.,Glaxosmithkline S.A.,715219,50 mcg beclometasona dipropionato,INHALACIÓN PULMONAR,160441200000,,VÍA INHALATORIA,True,True,False,False,False,False,False,https://cima.aemps.es/cima/pdfs/ft/52810/FT_52810.pdf,https://cima.aemps.es/cima/fotos/thumbnails/materialas/52810/52810_materialas.jpg,3,1
12,59522,"BEGLAN ACCUHALER 50 microgramos/inhalación, polvo para inhalación",SALMETEROL XINAFOATO,Glaxosmithkline S.A.,Glaxosmithkline S.A.,667097,salmeterol 50 mcg,INHALACIÓN PULMONAR,717894000000,,VÍA INHALATORIA,True,True,False,False,False,False,False,https://cima.aemps.es/cima/pdfs/ft/59522/FT_59522.pdf,https://cima.aemps.es/cima/fotos/thumbnails/materialas/59522/59522_materialas.jpg,3,1
13,59523,"BEGLAN 25 microgramos/inhalación, suspensión para inhalación en envase a presión",SALMETEROL XINAFOATO,Glaxosmithkline S.A.,Glaxosmithkline S.A.,667105,"0,294 mg salmeterol hidroxinaftoato",INHALACIÓN PULMONAR,717894000000,,VÍA INHALATORIA,True,True,False,False,False,False,False,https://cima.aemps.es/cima/pdfs/ft/59523/FT_59523.pdf,https://cima.aemps.es/cima/fotos/thumbnails/materialas/59523/59523_materialas.jpg,3,1
14,1201441006,"BEMRIST BREEZHALER 125 microgramos/127,5 microgramos POLVO PARA INHALACION (CAPSULA DURA)","INDACATEROL ACETATO, MOMETASONA FUROATO",Novartis Europharm Limited,Laboratorios Gebro Pharma S.A.,729878,"125 microgramos/127,5 microgramos",INHALACIÓN PULMONAR,1608131257000,,VÍA INHALATORIA,True,True,False,False,False,False,False,https://cima.aemps.es/cima/pdfs/ft/1201441006/FT_1201441006.pdf,https://cima.aemps.es/cima/fotos/thumbnails/materialas/1201441006/1201441006_materialas.jpg,3,2
15,1201441010,BEMRIST BREEZHALER 125 microgramos/260 microgramos POLVO PARA INHALACION (CAPSULA DURA),"INDACATEROL ACETATO, MOMETASONA FUROATO",Novartis Europharm Limited,Laboratorios Gebro Pharma S.A.,729879,125 microgramos/260 microgramos,INHALACIÓN PULMONAR,1608131267000,,VÍA INHALATORIA,True,True,False,False,False,False,False,https://cima.aemps.es/cima/pdfs/ft/1201441010/FT_1201441010.pdf,https://cima.aemps.es/cima/fotos/thumbnails/materialas/1201441010/1201441010_materialas.jpg,3,2
16,1201441002,"BEMRIST BREEZHALER 125 microgramos/62,5 microgramos POLVO PARA INHALACION (CAPSULA DURA)","INDACATEROL ACETATO, MOMETASONA FUROATO",Novartis Europharm Limited,Novartis Farmaceutica S.A.,729877,"125 microgramos/62,5 microgramos",INHALACIÓN PULMONAR,1608131276000,,VÍA INHALATORIA,True,True,False,False,False,False,False,https://cima.aemps.es/cima/pdfs/ft/1201441002/FT_1201441002.pdf,https://cima.aemps.es/cima/fotos/thumbnails/materialas/1201441002/1201441002_materialas.jpg,3,2
17,59675,BETAMICAN ACCUHALER 50 microgramos/inhalación POLVO PARA INHALACION,SALMETEROL XINAFOATO,Glaxosmithkline S.A.,Glaxosmithkline S.A.,939033,50 µg,INHALACIÓN PULMONAR,723164400000,,VÍA INHALATORIA,True,True,False,False,False,False,False,https://cima.aemps.es/cima/pdfs/ft/59675/FT_59675.pdf,https://cima.aemps.es/cima/fotos/thumbnails/materialas/59675/59675_materialas.jpg,3,1
18,59676,BETAMICAN 25 microgramos/inhalación SUSPENSION PARA INHALACION EN ENVASE A PRESION,SALMETEROL XINAFOATO,Glaxosmithkline S.A.,Glaxosmithkline S.A.,940320,25 µg salmeterol hidroxinaftoato/aplicación,INHALACIÓN PULMONAR,723164400000,,VÍA INHALATORIA,True,True,False,False,False,False,False,https://cima.aemps.es/cima/pdfs/ft/59676/FT_59676.pdf,https://cima.aemps.es/cima/fotos/thumbnails/materialas/59676/59676_materialas.jpg,3,1
19,89439,BIBECFO 100 MICROGRAMOS/6 MICROGRAMOS/PULSACION SOLUCION PARA INHALACION EN ENVASE A PRESION,"FORMOTEROL FUMARATO DIHIDRATO, BECLOMETASONA DIPROPIONATO",Cipla Europe N.V.,Cipla Europe Nv Sucursal En Espana,764529,100 microgramos/6 microgramos/pulsación,INHALACIÓN PULMONAR,1710249691000,,VÍA INHALATORIA,True,True,False,False,False,False,False,https://cima.aemps.es/cima/pdfs/ft/89439/FT_89439.pdf,https://cima.aemps.es/cima/fotos/thumbnails/materialas/89439/89439_materialas.jpg,3,2
20,89440,BIBECFO 200 MICROGRAMOS/6 MICROGRAMOS/PULSACION SOLUCION PARA INHALACION EN ENVASE A PRESION,"BECLOMETASONA DIPROPIONATO, FORMOTEROL FUMARATO DIHIDRATO",Cipla Europe N.V.,Cipla Europe Nv Sucursal En Espana,764531,200 microgramos/6 microgramos/pulsación,INHALACIÓN PULMONAR,1710249694000,,VÍA INHALATORIA,True,True,False,False,False,False,False,https://cima.aemps.es/cima/pdfs/ft/89440/FT_89440.pdf,https://cima.aemps.es/cima/fotos/thumbnails/materialas/89440/89440_materialas.jpg,3,2
21,67037,BRONCORAL NEO 12 microgramos/PULSACION SOLUCION PARA INHALACION EN ENVASE A PRESION,FORMOTEROL FUMARATO DIHIDRATO,Chiesi España S.A.U.,Chiesi España S.A.U.,652118,12 mcg/pulsación,INHALACIÓN PULMONAR,1125957600000,,VÍA INHALATORIA,True,True,False,False,False,False,False,https://cima.aemps.es/cima/pdfs/ft/67037/FT_67037.pdf,https://cima.aemps.es/cima/fotos/thumbnails/materialas/67037/67037_materialas.jpg,3,1
22,66943,"BUDESONIDA ALDO-UNION 0,25 mg/ml SUSPENSION PARA INHALACION POR NEBULIZADOR",BUDESONIDA,Laboratorio Aldo Union S.L.,Laboratorio Aldo Union S.L.,651628,"0,25 mg budesonida/ml",INHALACIÓN PULMONAR,1121637600000,,VÍA INHALATORIA,True,True,True,False,False,False,False,https://cima.aemps.es/cima/pdfs/ft/66943/FT_66943.pdf,https://cima.aemps.es/cima/fotos/thumbnails/materialas/66943/66943_materialas.jpg,3,1
23,66942,"BUDESONIDA ALDO-UNION 0,5 mg/ml SUSPENSION PARA INHALACION POR NEBULIZADOR",BUDESONIDA,Laboratorio Aldo Union S.L.,Laboratorio Aldo Union S.L.,651626,"0,5 mg budesonida/ml",INHALACIÓN PULMONAR,1121637600000,,VÍA INHALATORIA,True,True,True,False,False,False,False,https://cima.aemps.es/cima/pdfs/ft/66942/FT_66942.pdf,https://cima.aemps.es/cima/fotos/thumbnails/materialas/66942/66942_materialas.jpg,3,1
24,83987,BUDESONIDA ALDO-UNION 100 MICROGRAMOS/PULSACION SUSPENSION PARA INHALACION EN ENVASE A PRESION,BUDESONIDA,Laboratorio Aldo Union S.L.,Laboratorio Aldo Union S.L.,725241,100 microgramos,INHALACIÓN PULMONAR,1554192499000,,VÍA INHALATORIA,True,True,False,False,False,False,False,https://cima.aemps.es/cima/pdfs/ft/83987/FT_83987.pdf,https://cima.aemps.es/cima/fotos/thumbnails/materialas/83987/83987_materialas.jpg,3,1
25,61664,BUDESONIDA ALDO-UNION 200 microgramos/pulsación SUSPENSIÓN PARA INHALACIÓN EN ENVASE A PRESIÓN,BUDESONIDA,Laboratorio Aldo Union S.L.,Laboratorio Aldo Union S.L.,672718,"0,04000 g",INHALACIÓN PULMONAR,886287600000,,VÍA INHALATORIA,True,True,False,False,False,False,False,https://cima.aemps.es/cima/pdfs/ft/61664/FT_61664.pdf,https://cima.aemps.es/cima/fotos/thumbnails/materialas/61664/61664_materialas.jpg,3,1
26,61663,BUDESONIDA ALDO-UNION 50 microgramos/pulsación SUSPENSIÓN PARA INHALACIÓN EN ENVASE A PRESIÓN,BUDESONIDA,Laboratorio Aldo Union S.L.,Laboratorio Aldo Union S.L.,668905,"0,01000 g",INHALACIÓN PULMONAR,886287600000,,VÍA INHALATORIA,True,True,False,False,False,False,False,https://cima.aemps.es/cima/pdfs/ft/61663/FT_61663.pdf,https://cima.aemps.es/cima/fotos/thumbnails/materialas/61663/61663_materialas.jpg,3,1
27,73873,DEFLAZACORT CINFA 30 mg COMPRIMIDOS EFG,DEFLAZACORT,Laboratorios Cinfa S.A.,Laboratorios Cinfa S.A.,679562,30 mg,COMPRIMIDO,1302645600000,,VÍA ORAL,True,True,True,False,False,False,False,https://cima.aemps.es/cima/pdfs/ft/73873/FT_73873.pdf,https://cima.aemps.es/cima/fotos/thumbnails/materialas/73873/73873_materialas.jpg,3,1
28,73872,DEFLAZACORT CINFA 6 mg COMPRIMIDOS EFG,DEFLAZACORT,Laboratorios Cinfa S.A.,Laboratorios Cinfa S.A.,679561,6 mg,COMPRIMIDO,1302645600000,,VÍA ORAL,True,True,True,False,False,False,False,https://cima.aemps.es/cima/pdfs/ft/73872/FT_73872.pdf,https://cima.aemps.es/cima/fotos/thumbnails/materialas/73872/73872_materialas.jpg,3,1
29,64926,DEFLAZACORT SANDOZ 30 mg COMPRIMIDOS EFG,DEFLAZACORT,Sandoz Farmaceutica S.A.,Sandoz Farmaceutica S.A.,790725,30 mg,COMPRIMIDO,1032991200000,1740071897000.0,VÍA ORAL,False,True,True,False,False,False,False,https://cima.aemps.es/cima/pdfs/ft/64926/FT_64926.pdf,https://cima.aemps.es/cima/fotos/thumbnails/materialas/64926/64926_materialas.jpg,3,1
30,64918,DEFLAZACORT SANDOZ 6 mg COMPRIMIDOS EFG,DEFLAZACORT,Sandoz Farmaceutica S.A.,Sandoz Farmaceutica S.A.,786129,6 mg,COMPRIMIDO,1026684000000,1740071892000.0,VÍA ORAL,False,True,True,False,False,False,False,https://cima.aemps.es/cima/pdfs/ft/64918/FT_64918.pdf,https://cima.aemps.es/cima/fotos/thumbnails/materialas/64918/64918_materialas.jpg,3,1
31,66990,DEFLAZACORT STADA 30 mg COMPRIMIDOS EFG,DEFLAZACORT,Laboratorio Stada S.L.,Laboratorio Stada S.L.,651966,30 mg,COMPRIMIDO,1123106400000,1741347300000.0,VÍA ORAL,False,True,True,False,False,False,False,https://cima.aemps.es/cima/pdfs/ft/66990/FT_66990.pdf,https://cima.aemps.es/cima/fotos/thumbnails/materialas/66990/66990_materialas.jpg,3,1
32,66989,DEFLAZACORT STADA 6 mg COMPRIMIDOS EFG,DEFLAZACORT,Laboratorio Stada S.L.,Laboratorio Stada S.L.,651965,6 mg,COMPRIMIDO,1123106400000,1741346941000.0,VÍA ORAL,False,True,True,False,False,False,False,https://cima.aemps.es/cima/pdfs/ft/66989/FT_66989.pdf,https://cima.aemps.es/cima/fotos/thumbnails/materialas/66989/66989_materialas.jpg,3,1
33,1252007001,EXDENSUR 100 MG SOLUCION INYECTABLE EN PLUMA PRECARGADA,DEPEMOKIMAB,Glaxosmithkline Trading Services Limited,Glaxosmithkline S.A.,769957,100 mg,INYECTABLE,1771426080000,,VÍA SUBCUTÁNEA,True,True,False,False,True,False,False,https://cima.aemps.es/cima/pdfs/ft/1252007001/FT_1252007001.pdf,https://cima.aemps.es/cima/fotos/thumbnails/materialas/1252007001/1252007001_materialas.jpg,3,1
34,1171252001,FASENRA 30 MG SOLUCION INYECTABLE EN JERINGA PRECARGADA,BENRALIZUMAB,Astrazeneca Ab,Astrazeneca Farmaceutica Spain S.A.,720415,30 mg,INYECTABLE,1518452812000,,VÍA SUBCUTÁNEA,True,True,False,False,False,False,False,https://cima.aemps.es/cima/pdfs/ft/1171252001/FT_1171252001.pdf,https://cima.aemps.es/cima/fotos/thumbnails/materialas/1171252001/1171252001_materialas.jpg,3,1
35,1171252002,FASENRA 30 MG SOLUCION INYECTABLE EN PLUMA PRECARGADA,BENRALIZUMAB,Astrazeneca Ab,Astrazeneca Farmaceutica Spain S.A.,726705,30 mg,INYECTABLE,1569571634000,,VÍA SUBCUTÁNEA,True,True,False,False,False,False,False,https://cima.aemps.es/cima/pdfs/ft/1171252002/FT_1171252002.pdf,https://cima.aemps.es/cima/fotos/thumbnails/materialas/1171252002/1171252002_materialas.jpg,3,1
36,60480,"FLIXOTIDE ACCUHALER 100 MICROGRAMOS/INHALACION, POLVO PARA INHALACION",FLUTICASONA PROPIONATO,Glaxosmithkline S.A.,Glaxosmithkline S.A.,689729,100 µg,INHALACIÓN PULMONAR,862437600000,,VÍA INHALATORIA,True,True,False,False,False,False,False,https://cima.aemps.es/cima/pdfs/ft/60480/FT_60480.pdf,https://cima.aemps.es/cima/fotos/thumbnails/materialas/60480/60480_materialas.jpg,3,1
37,60482,"FLIXOTIDE ACCUHALER 500 MICROGRAMOS/INHALACION, POLVO PARA INHALACION",FLUTICASONA PROPIONATO,Glaxosmithkline S.A.,Glaxosmithkline S.A.,689687,500 µg,INHALACIÓN PULMONAR,862437600000,,VÍA INHALATORIA,True,True,False,False,False,False,False,https://cima.aemps.es/cima/pdfs/ft/60482/FT_60482.pdf,https://cima.aemps.es/cima/fotos/thumbnails/materialas/60482/60482_materialas.jpg,3,1
38,60479,"FLIXOTIDE 250 MICROGRAMOS/INHALACIÓN, SUSPENSIÓN PARA INHALACIÓN EN ENVASE A PRESIÓN",FLUTICASONA PROPIONATO,Glaxosmithkline S.A.,Glaxosmithkline S.A.,689745,250 mcg fluticasona propionato,INHALACIÓN PULMONAR,862437600000,,VÍA INHALATORIA,True,True,False,False,False,False,False,https://cima.aemps.es/cima/pdfs/ft/60479/FT_60479.pdf,https://cima.aemps.es/cima/fotos/thumbnails/materialas/60479/60479_materialas.jpg,3,1
39,60477,"FLIXOTIDE 50 MICROGRAMOS/INHALACION, SUSPENSIÓN PARA INHALACIÓN EN ENVASE A PRESIÓN",FLUTICASONA PROPIONATO,Glaxosmithkline S.A.,Glaxosmithkline S.A.,689786,50 mcg fluticasona propionato,INHALACIÓN PULMONAR,862437600000,,VÍA INHALATORIA,True,True,False,False,False,False,False,https://cima.aemps.es/cima/pdfs/ft/60477/FT_60477.pdf,https://cima.aemps.es/cima/fotos/thumbnails/materialas/60477/60477_materialas.jpg,3,1
40,60528,"FLUSONAL ACCUHALER 100 MICROGRAMOS/INHALACION, POLVO PARA INHALACION",FLUTICASONA PROPIONATO,Glaxosmithkline S.A.,Glaxosmithkline S.A.,689083,100 mcg fluticasona propionato/aplicación,INHALACIÓN PULMONAR,865116000000,,VÍA INHALATORIA,True,True,False,False,False,False,False,https://cima.aemps.es/cima/pdfs/ft/60528/FT_60528.pdf,https://cima.aemps.es/cima/fotos/thumbnails/materialas/60528/60528_materialas.jpg,3,1
41,60530,"FLUSONAL ACCUHALER 500 MICROGRAMOS/INHALACION, POLVO PARA INHALACION",FLUTICASONA PROPIONATO,Glaxosmithkline S.A.,Glaxosmithkline S.A.,689042,500 mcg fluticasona propionato,INHALACIÓN PULMONAR,865116000000,,VÍA INHALATORIA,True,True,False,False,False,False,False,https://cima.aemps.es/cima/pdfs/ft/60530/FT_60530.pdf,https://cima.aemps.es/cima/fotos/thumbnails/materialas/60530/60530_materialas.jpg,3,1
42,60527,"FLUSONAL 250 MICROGRAMOS/INHALACION, SUSPENSION PARA INHALACION EN ENVASE A PRESION",FLUTICASONA PROPIONATO,Glaxosmithkline S.A.,Glaxosmithkline S.A.,689109,250 mcg fluticasona propionato/aplicación,INHALACIÓN PULMONAR,865116000000,,VÍA INHALATORIA,True,True,False,False,False,False,False,https://cima.aemps.es/cima/pdfs/ft/60527/FT_60527.pdf,https://cima.aemps.es/cima/fotos/thumbnails/materialas/60527/60527_materialas.jpg,3,1
43,60525,"FLUSONAL 50 MICROGRAMOS/INHALACION, SUSPENSION PARA INHALACION EN ENVASE A PRESION",FLUTICASONA PROPIONATO,Glaxosmithkline S.A.,Glaxosmithkline S.A.,689141,50 mcg fluticasona propionato/aplicación,INHALACIÓN PULMONAR,865116000000,,VÍA INHALATORIA,True,True,False,False,False,False,False,https://cima.aemps.es/cima/pdfs/ft/60525/FT_60525.pdf,https://cima.aemps.es/cima/fotos/thumbnails/materialas/60525/60525_materialas.jpg,3,1
44,78536,FLUTIFORM 125 MICROGRAMOS / 5 MICROGRAMOS/ INHALACION SUPSENSION PARA INHALACION EN ENVASE A PRESION,"FLUTICASONA PROPIONATO, FORMOTEROL FUMARATO DIHIDRATO",Mundipharma Pharmaceuticals S.L.,Mundipharma Pharmaceuticals S.L.,701717,125 microgramos/5 microgramos/dosis,INHALACIÓN PULMONAR,1393974000000,,VÍA INHALATORIA,True,True,False,False,False,False,False,https://cima.aemps.es/cima/pdfs/ft/78536/FT_78536.pdf,https://cima.aemps.es/cima/fotos/thumbnails/materialas/78536/78536_materialas.jpg,3,2
45,78537,FLUTIFORM 250 MICROGRAMOS / 10 MICROGRAMOS/ INHALACION SUSPENSION PARA INHALACION EN ENVASE A PRESION,"FLUTICASONA PROPIONATO, FORMOTEROL FUMARATO DIHIDRATO",Mundipharma Pharmaceuticals S.L.,Mundipharma Pharmaceuticals S.L.,701718,250 microgramos/10 microgramos/dosis,INHALACIÓN PULMONAR,1393974000000,,VÍA INHALATORIA,True,True,False,False,False,False,False,https://cima.aemps.es/cima/pdfs/ft/78537/FT_78537.pdf,https://cima.aemps.es/cima/fotos/thumbnails/materialas/78537/78537_materialas.jpg,3,2
46,78538,FLUTIFORM 50 MICROGRAMOS / 5 MICROGRAMOS/ INHALACION SUSPENSION PARA INHALACION EN ENVASE A PRESION,"FLUTICASONA PROPIONATO, FORMOTEROL FUMARATO DIHIDRATO",Mundipharma Pharmaceuticals S.L.,Mundipharma Pharmaceuticals S.L.,701719,50 microgramos/5 microgramos/dosis,INHALACIÓN PULMONAR,1393974000000,,VÍA INHALATORIA,True,True,False,False,False,False,False,https://cima.aemps.es/cima/pdfs/ft/78538/FT_78538.pdf,https://cima.aemps.es/cima/fotos/thumbnails/materialas/78538/78538_materialas.jpg,3,2
47,62197,FORADIL AEROLIZER 12 microgramos POLVO PARA INHALACIÓN (CÁPSULA DURA),FORMOTEROL FUMARATO DIHIDRATO,Bexal Farmaceutica S.A.,Bexal Farmaceutica S.A.,657775,12 mcg formoterol fumarato,INHALACIÓN PULMONAR,904600800000,,VÍA INHALATORIA,True,True,False,False,False,False,False,https://cima.aemps.es/cima/pdfs/ft/62197/FT_62197.pdf,https://cima.aemps.es/cima/fotos/thumbnails/materialas/62197/62197_materialas.jpg,3,1
48,76740,FORMODUAL NEXTHALER 100 MICROGRAMOS/6 MICROGRAMOS INHALACION POLVO PARA INHALACION,"BECLOMETASONA DIPROPIONATO, FORMOTEROL FUMARATO DIHIDRATO",Chiesi España S.A.U.,Chiesi España S.A.U.,700582,100 microgramos/6 microgramos,INHALACIÓN PULMONAR,1352715199000,,VÍA INHALATORIA,True,True,False,False,False,False,False,https://cima.aemps.es/cima/pdfs/ft/76740/FT_76740.pdf,https://cima.aemps.es/cima/fotos/thumbnails/materialas/76740/76740_materialas.jpg,3,2
49,80708,FORMODUAL NEXTHALER 200 MICROGRAMOS/6 MICROGRAMOS POR INHALACION POLVO PARA INHALACION,"BECLOMETASONA DIPROPIONATO, FORMOTEROL FUMARATO DIHIDRATO",Chiesi España S.A.U.,Chiesi España S.A.U.,710249,200 microgramos/6 microgramos/dosis,INHALACIÓN PULMONAR,1456959600000,,VÍA INHALATORIA,True,True,False,False,False,False,False,https://cima.aemps.es/cima/pdfs/ft/80708/FT_80708.pdf,https://cima.aemps.es/cima/fotos/thumbnails/materialas/80708/80708_materialas.jpg,3,2
50,68809,FORMODUAL 100 MICROGRAMOS /6 MICROGRAMOS/PULSACION SOLUCION PARA INHALACION EN ENVASE A PRESION,"BECLOMETASONA DIPROPIONATO, FORMOTEROL FUMARATO DIHIDRATO",Chiesi España S.A.U.,Chiesi España S.A.U.,659075,100 microgramos/6 microgramos,INHALACIÓN PULMONAR,1179784800000,,VÍA INHALATORIA,True,True,False,False,False,False,False,https://cima.aemps.es/cima/pdfs/ft/68809/FT_68809.pdf,https://cima.aemps.es/cima/fotos/thumbnails/materialas/68809/68809_materialas.jpg,3,2
51,80600,FORMODUAL 200 MICROGRAMOS /6 MICROGRAMOS/PULSACION SOLUCION PARA INHALACION EN ENVASE A PRESION,"BECLOMETASONA DIPROPIONATO, FORMOTEROL FUMARATO DIHIDRATO",Chiesi España S.A.U.,Chiesi España S.A.U.,709802,200/6 microgramos/pulsación,INHALACIÓN PULMONAR,1456182000000,,VÍA INHALATORIA,True,True,False,False,False,False,False,https://cima.aemps.es/cima/pdfs/ft/80600/FT_80600.pdf,https://cima.aemps.es/cima/fotos/thumbnails/materialas/80600/80600_materialas.jpg,3,2
52,66573,FORMOTEROL STADA 12 MICROGRAMOS POLVO PARA INHALACIÓN (CÁPSULA DURA),FORMOTEROL FUMARATO DIHIDRATO,Laboratorio Stada S.L.,Laboratorio Stada S.L.,650684,12 MCG,INHALACIÓN PULMONAR,1107298800000,,VÍA INHALATORIA,True,True,True,False,False,False,False,https://cima.aemps.es/cima/pdfs/ft/66573/FT_66573.pdf,https://cima.aemps.es/cima/fotos/thumbnails/materialas/66573/66573_materialas.jpg,3,1
53,76713,FOSTER NEXTHALER 100 MICROGRAMOS/6 MICROGRAMOS/INHALACION POLVO PARA INHALACION,"BECLOMETASONA DIPROPIONATO, FORMOTEROL FUMARATO DIHIDRATO",Chiesi España S.A.U.,Chiesi España S.A.U.,700581,100 microgramos/6 microgramos,INHALACIÓN PULMONAR,1351622032000,,VÍA INHALATORIA,True,True,False,False,False,False,False,https://cima.aemps.es/cima/pdfs/ft/76713/FT_76713.pdf,https://cima.aemps.es/cima/fotos/thumbnails/materialas/76713/76713_materialas.jpg,3,2
54,80707,FOSTER NEXTHALER 200 MICROGRAMOS/6 MICROGRAMOS POR INHALACION POLVO PARA INHALACION,"BECLOMETASONA DIPROPIONATO, FORMOTEROL FUMARATO DIHIDRATO",Chiesi España S.A.U.,Chiesi España S.A.U.,710247,200 microgramos/6 microgramos/dosis,INHALACIÓN PULMONAR,1456959600000,,VÍA INHALATORIA,True,True,False,False,False,False,False,https://cima.aemps.es/cima/pdfs/ft/80707/FT_80707.pdf,https://cima.aemps.es/cima/fotos/thumbnails/materialas/80707/80707_materialas.jpg,3,2
55,68802,FOSTER 100 MICROGRAMOS /6 MICROGRAMOS/PULSACION SOLUCION PARA INHALACION EN ENVASE A PRESION,"BECLOMETASONA DIPROPIONATO, FORMOTEROL FUMARATO DIHIDRATO",Chiesi España S.A.U.,Chiesi España S.A.U.,659065,100 microgramos/6 microgramos,INHALACIÓN PULMONAR,1179698400000,,VÍA INHALATORIA,True,True,False,False,False,False,False,https://cima.aemps.es/cima/pdfs/ft/68802/FT_68802.pdf,https://cima.aemps.es/cima/fotos/thumbnails/materialas/68802/68802_materialas.jpg,3,2
56,80599,FOSTER 200 MICROGRAMOS /6 MICROGRAMOS/PULSACION SOLUCION PARA INHALACION EN ENVASE A PRESION,"BECLOMETASONA DIPROPIONATO, FORMOTEROL FUMARATO DIHIDRATO",Chiesi España S.A.U.,Chiesi España S.A.U.,709801,200/6 microgramos/pulsación,INHALACIÓN PULMONAR,1456182000000,,VÍA INHALATORIA,True,True,False,False,False,False,False,https://cima.aemps.es/cima/pdfs/ft/80599/FT_80599.pdf,https://cima.aemps.es/cima/fotos/thumbnails/materialas/80599/80599_materialas.jpg,3,2
57,78813,"GIBITER EASYHALER 160 MICROGRAMOS/4,5 MICROGRAMOS/INHALACION POLVO PARA INHALACION","BUDESONIDA, FORMOTEROL FUMARATO DIHIDRATO",Menarini International Operations Luxembourg S.A.,Laboratorios Menarini S.A.,723302,160 microgramos/4.5 microgramos,INHALACIÓN PULMONAR,1401746400000,,VÍA INHALATORIA,True,True,False,False,False,False,False,https://cima.aemps.es/cima/pdfs/ft/78813/FT_78813.pdf,https://cima.aemps.es/cima/fotos/thumbnails/materialas/78813/78813_materialas.jpg,3,2
58,78803,GIBITER EASYHALER 320 MICROGRAMOS/9 MICROGRAMOS/INHALACION POLVO PARA INHALACION,"BUDESONIDA, FORMOTEROL FUMARATO DIHIDRATO",Menarini International Operations Luxembourg S.A.,Laboratorios Menarini S.A.,723299,320 MICROGRAMOS/9 MICROGRAMOS,INHALACIÓN PULMONAR,1401454513000,,VÍA INHALATORIA,True,True,False,False,False,False,False,https://cima.aemps.es/cima/pdfs/ft/78803/FT_78803.pdf,https://cima.aemps.es/cima/fotos/thumbnails/materialas/78803/78803_materialas.jpg,3,2
59,90505,HIDROCORTISONA NORMON 100 MG POLVO Y DISOLVENTE PARA SOLUCION INYECTABLE Y PARA PERFUSION EFG,HIDROCORTISONA SUCCINATO SODIO,Laboratorios Normon S.A.,Laboratorios Normon S.A.,768305,100 MG,INYECTABLE,1754992322000,,VÍA INTRAMUSCULAR,True,True,True,False,False,False,False,https://cima.aemps.es/cima/pdfs/ft/90505/FT_90505.pdf,https://cima.aemps.es/cima/fotos/thumbnails/materialas/90505/90505_materialas.jpg,3,1
60,60689,"INALACOR ACCUHALER 100 MICROGRAMOS/INHALACIÓN, POLVO PARA INHALACIÓN",FLUTICASONA PROPIONATO,Glaxosmithkline S.A.,Glaxosmithkline S.A.,686139,100 mcg,INHALACIÓN PULMONAR,867708000000,,VÍA INHALATORIA,True,True,False,False,False,False,False,https://cima.aemps.es/cima/pdfs/ft/60689/FT_60689.pdf,https://cima.aemps.es/cima/fotos/thumbnails/materialas/60689/60689_materialas.jpg,3,1
61,60691,INALACOR ACCUHALER 500 MICROGRAMOS/INHALACIÓN POLVO PARA INHALACIÓN,FLUTICASONA PROPIONATO,Glaxosmithkline S.A.,Glaxosmithkline S.A.,686097,500 mcg,INHALACIÓN PULMONAR,867708000000,,VÍA INHALATORIA,True,True,False,False,False,False,False,https://cima.aemps.es/cima/pdfs/ft/60691/FT_60691.pdf,https://cima.aemps.es/cima/fotos/thumbnails/materialas/60691/60691_materialas.jpg,3,1
62,60688,INALACOR 250 MICROGRAMOS/INHALACIÓN SUSPENSIÓN PARA INHALACIÓN EN ENVASE A PRESIÓN,FLUTICASONA PROPIONATO,Glaxosmithkline S.A.,Glaxosmithkline S.A.,686154,"0,25 mg",INHALACIÓN PULMONAR,867708000000,,VÍA INHALATORIA,True,True,False,False,False,False,False,https://cima.aemps.es/cima/pdfs/ft/60688/FT_60688.pdf,https://cima.aemps.es/cima/fotos/thumbnails/materialas/60688/60688_materialas.jpg,3,1
63,60686,INALACOR 50 MICROGRAMOS/INHALACIÓN SUSPENSIÓN PARA INHALACIÓN EN ENVASE A PRESIÓN,FLUTICASONA PROPIONATO,Glaxosmithkline S.A.,Glaxosmithkline S.A.,686196,"0,05 mg",INHALACIÓN PULMONAR,867708000000,,VÍA INHALATORIA,True,True,False,False,False,False,False,https://cima.aemps.es/cima/pdfs/ft/60686/FT_60686.pdf,https://cima.aemps.es/cima/fotos/thumbnails/materialas/60686/60686_materialas.jpg,3,1
64,62867,"INALADUO ACCUHALER 50 microgramos/100 microgramos/INHALACIÓN, POLVO PARA INHALACIÓN","FLUTICASONA PROPIONATO, SALMETEROL XINAFOATO",Glaxosmithkline S.A.,Glaxosmithkline S.A.,848671,100 µg / 50 µg,INHALACIÓN PULMONAR,946940400000,,VÍA INHALATORIA,True,True,False,False,False,False,False,https://cima.aemps.es/cima/pdfs/ft/62867/FT_62867.pdf,https://cima.aemps.es/cima/fotos/thumbnails/materialas/62867/62867_materialas.jpg,3,2
65,62868,"INALADUO ACCUHALER 50 microgramos/250 microgramos/INHALACIÓN, POLVO PARA INHALACIÓN","FLUTICASONA PROPIONATO, SALMETEROL XINAFOATO",Glaxosmithkline S.A.,Glaxosmithkline S.A.,700545,250 µg / 50 µg,INHALACIÓN PULMONAR,946940400000,,VÍA INHALATORIA,True,True,False,False,False,False,False,https://cima.aemps.es/cima/pdfs/ft/62868/FT_62868.pdf,https://cima.aemps.es/cima/fotos/thumbnails/materialas/62868/62868_materialas.jpg,3,2
66,62869,"INALADUO ACCUHALER 50 microgramos/500 microgramos/INHALACIÓN, POLVO PARA INHALACIÓN","FLUTICASONA PROPIONATO, SALMETEROL XINAFOATO",Glaxosmithkline S.A.,Glaxosmithkline S.A.,700546,500 µg / 50 µg,INHALACIÓN PULMONAR,946940400000,,VÍA INHALATORIA,True,True,False,False,False,False,False,https://cima.aemps.es/cima/pdfs/ft/62869/FT_62869.pdf,https://cima.aemps.es/cima/fotos/thumbnails/materialas/62869/62869_materialas.jpg,3,2
67,64065,"INALADUO 25 microgramos/125 microgramos/ INHALACIÓN, SUSPENSIÓN PARA INHALACIÓN EN ENVASE A PRESIÓN","FLUTICASONA PROPIONATO, SALMETEROL XINAFOATO",Glaxosmithkline S.A.,Glaxosmithkline S.A.,909820,-,INHALACIÓN PULMONAR,994716000000,,VÍA INHALATORIA,True,True,False,False,False,False,False,https://cima.aemps.es/cima/pdfs/ft/64065/FT_64065.pdf,https://cima.aemps.es/cima/fotos/thumbnails/materialas/64065/64065_materialas.jpg,3,2
68,64066,"INALADUO 25 microgramos/250 microgramos/ INHALACIÓN, SUSPENSIÓN PARA INHALACIÓN EN ENVASE A PRESIÓN","FLUTICASONA PROPIONATO, SALMETEROL XINAFOATO",Glaxosmithkline S.A.,Glaxosmithkline S.A.,911610,-,INHALACIÓN PULMONAR,994716000000,,VÍA INHALATORIA,True,True,False,False,False,False,False,https://cima.aemps.es/cima/pdfs/ft/64066/FT_64066.pdf,https://cima.aemps.es/cima/fotos/thumbnails/materialas/64066/64066_materialas.jpg,3,2
69,64064,"INALADUO 25 microgramos/50 microgramos/ INHALACIÓN, SUSPENSIÓN PARA INHALACIÓN EN ENVASE A PRESIÓN","FLUTICASONA PROPIONATO, SALMETEROL XINAFOATO",Glaxosmithkline S.A.,Glaxosmithkline S.A.,906842,-,INHALACIÓN PULMONAR,994716000000,,VÍA INHALATORIA,True,True,False,False,False,False,False,https://cima.aemps.es/cima/pdfs/ft/64064/FT_64064.pdf,https://cima.aemps.es/cima/fotos/thumbnails/materialas/64064/64064_materialas.jpg,3,2
70,59526,"INASPIR ACCUHALER 50 microgramos/inhalacion, POLVO PARA INHALACION",SALMETEROL XINAFOATO,Glaxosmithkline S.A.,Glaxosmithkline S.A.,937318,50 mcg salmeterol,INHALACIÓN PULMONAR,717894000000,,VÍA INHALATORIA,True,True,False,False,False,False,False,https://cima.aemps.es/cima/pdfs/ft/59526/FT_59526.pdf,https://cima.aemps.es/cima/fotos/thumbnails/materialas/59526/59526_materialas.jpg,3,1
71,59527,INASPIR 25 microgramos/inhalacion SUSPENSION PARA INHALACION EN ENVASE A PRESION,SALMETEROL XINAFOATO,Glaxosmithkline S.A.,Glaxosmithkline S.A.,936989,25 mcg salmeterol/aplicación,INHALACIÓN PULMONAR,717894000000,,VÍA INHALATORIA,True,True,False,False,False,False,False,https://cima.aemps.es/cima/pdfs/ft/59527/FT_59527.pdf,https://cima.aemps.es/cima/fotos/thumbnails/materialas/59527/59527_materialas.jpg,3,1
72,71864,METILPREDNISOLONA NORMON 20 mg POLVO Y DISOLVENTE PARA SOLUCION INYECTABLE EFG,"METILPREDNISOLONA, HIDROGENOSUCCINATO DE",Laboratorios Normon S.A.,Laboratorios Normon S.A.,682811,20 mg,INYECTABLE,1264719600000,,VÍA INTRAMUSCULAR,True,True,True,False,False,False,False,https://cima.aemps.es/cima/pdfs/ft/71864/FT_71864.pdf,https://cima.aemps.es/cima/fotos/thumbnails/materialas/71864/71864_materialas.jpg,3,1
73,71866,METILPREDNISOLONA NORMON 40 mg POLVO Y DISOLVENTE PARA SOLUCION INYECTABLE EFG,"METILPREDNISOLONA, HIDROGENOSUCCINATO DE",Laboratorios Normon S.A.,Laboratorios Normon S.A.,682812,40 mg,INYECTABLE,1264719600000,,VÍA INTRAMUSCULAR,True,True,True,False,False,False,False,https://cima.aemps.es/cima/pdfs/ft/71866/FT_71866.pdf,https://cima.aemps.es/cima/fotos/thumbnails/materialas/71866/71866_materialas.jpg,3,1
74,63197,MIFLONIDE BREEZHALER 200 MICROGRAMOS POLVO PARA INHALACION (CAPSULA DURA),BUDESONIDA,Novartis Farmaceutica S.A.,Novartis Farmaceutica S.A.,888255,200 microgramos,INHALACIÓN PULMONAR,962316000000,,VÍA INHALATORIA,False,True,False,False,False,False,False,https://cima.aemps.es/cima/pdfs/ft/63197/FT_63197.pdf,https://cima.aemps.es/cima/fotos/thumbnails/materialas/63197/63197_materialas.jpg,3,1
75,63198,MIFLONIDE BREEZHALER 400 MICROGRAMOS POLVO PARA INHALACION (CAPSULA DURA),BUDESONIDA,Novartis Farmaceutica S.A.,Novartis Farmaceutica S.A.,888289,400 microgramos,INHALACIÓN PULMONAR,962316000000,,VÍA INHALATORIA,False,True,False,False,False,False,False,https://cima.aemps.es/cima/pdfs/ft/63198/FT_63198.pdf,https://cima.aemps.es/cima/fotos/thumbnails/materialas/63198/63198_materialas.jpg,3,1
76,75831,MONTELUKAST CINFA 10 mg COMPRIMIDOS RECUBIERTOS CON PELICULA EFG,MONTELUKAST SODICO,Laboratorios Cinfa S.A.,Laboratorios Cinfa S.A.,605851,10 mg,COMPRIMIDO,1335218400000,,VÍA ORAL,True,True,True,False,False,False,False,https://cima.aemps.es/cima/pdfs/ft/75831/FT_75831.pdf,https://cima.aemps.es/cima/fotos/thumbnails/materialas/75831/75831_materialas.jpg,3,1
77,74195,MONTELUKAST CINFA 4 mg COMPRIMIDOS MASTICABLES EFG,MONTELUKAST SODICO,Laboratorios Cinfa S.A.,Laboratorios Cinfa S.A.,605465,4 mg,COMPRIMIDO MASTICABLE,1307397600000,,VÍA ORAL,True,True,True,False,False,False,False,https://cima.aemps.es/cima/pdfs/ft/74195/FT_74195.pdf,https://cima.aemps.es/cima/fotos/thumbnails/materialas/74195/74195_materialas.jpg,3,1
78,74193,MONTELUKAST CINFA 4 mg GRANULADO EFG,MONTELUKAST SODICO,Laboratorios Cinfa S.A.,Laboratorios Cinfa S.A.,605463,4 mg,SOLUCIÓN/SUSPENSIÓN ORAL,1307397600000,,VÍA ORAL,True,True,True,False,False,False,False,https://cima.aemps.es/cima/pdfs/ft/74193/FT_74193.pdf,https://cima.aemps.es/cima/fotos/thumbnails/materialas/74193/74193_materialas.jpg,3,1
79,74196,MONTELUKAST CINFA 5 mg COMPRIMIDOS MASTICABLES EFG,MONTELUKAST SODICO,Laboratorios Cinfa S.A.,Laboratorios Cinfa S.A.,605466,5 mg,COMPRIMIDO MASTICABLE,1307397600000,,VÍA ORAL,True,True,True,False,False,False,False,https://cima.aemps.es/cima/pdfs/ft/74196/FT_74196.pdf,https://cima.aemps.es/cima/fotos/thumbnails/materialas/74196/74196_materialas.jpg,3,1
80,75844,MONTELUKAST NORMON 10 mg COMPRIMIDOS RECUBIERTOS CON PELICULA EFG,MONTELUKAST SODICO,Laboratorios Normon S.A.,Laboratorios Normon S.A.,689528,10 mg,COMPRIMIDO,1335477600000,,VÍA ORAL,True,True,True,False,False,False,False,https://cima.aemps.es/cima/pdfs/ft/75844/FT_75844.pdf,https://cima.aemps.es/cima/fotos/thumbnails/materialas/75844/75844_materialas.jpg,3,1
81,74176,MONTELUKAST NORMON 4 mg GRANULADO EFG,MONTELUKAST SODICO,Laboratorios Normon S.A.,Laboratorios Normon S.A.,680984,4 mg,SOLUCIÓN/SUSPENSIÓN ORAL,1307311200000,,VÍA ORAL,True,True,True,False,False,False,False,https://cima.aemps.es/cima/pdfs/ft/74176/FT_74176.pdf,https://cima.aemps.es/cima/fotos/thumbnails/materialas/74176/74176_materialas.jpg,3,1
82,74237,MONTELUKAST NORMON 5 mg COMPRIMIDOS MASTICABLES EFG,MONTELUKAST SODICO,Laboratorios Normon S.A.,Laboratorios Normon S.A.,681232,5 mg,COMPRIMIDO MASTICABLE,1308002400000,,VÍA ORAL,True,True,True,False,False,False,False,https://cima.aemps.es/cima/pdfs/ft/74237/FT_74237.pdf,https://cima.aemps.es/cima/fotos/thumbnails/materialas/74237/74237_materialas.jpg,3,1
83,72259,MONTELUKAST SANDOZ 10 mg COMPRIMIDOS RECUBIERTOS CON PELICULA EFG,MONTELUKAST SODICO,Sandoz Farmaceutica S.A.,Sandoz Farmaceutica S.A.,670074,10 mg,COMPRIMIDO,1277848800000,,VÍA ORAL,True,True,True,False,False,False,False,https://cima.aemps.es/cima/pdfs/ft/72259/FT_72259.pdf,https://cima.aemps.es/cima/fotos/thumbnails/materialas/72259/72259_materialas.jpg,3,1
84,72109,MONTELUKAST SANDOZ 4 mg COMPRIMIDOS MASTICABLES EFG,MONTELUKAST SODICO,Sandoz Farmaceutica S.A.,Sandoz Farmaceutica S.A.,669070,4 MG,COMPRIMIDO MASTICABLE,1295823600000,,VÍA ORAL,True,True,True,False,False,False,False,https://cima.aemps.es/cima/pdfs/ft/72109/FT_72109.pdf,https://cima.aemps.es/cima/fotos/thumbnails/materialas/72109/72109_materialas.jpg,3,1
85,73802,MONTELUKAST SANDOZ 4 mg GRANULADO EFG,MONTELUKAST SODICO,Sandoz Farmaceutica S.A.,Sandoz Farmaceutica S.A.,678593,4 mg,SOLUCIÓN/SUSPENSIÓN ORAL,1301954400000,,VÍA ORAL,False,True,True,False,False,False,False,https://cima.aemps.es/cima/pdfs/ft/73802/FT_73802.pdf,https://cima.aemps.es/cima/fotos/thumbnails/materialas/73802/73802_materialas.jpg,3,1
86,72110,MONTELUKAST SANDOZ 5 mg COMPRIMIDOS MASTICABLES EFG,MONTELUKAST SODICO,Sandoz Farmaceutica S.A.,Sandoz Farmaceutica S.A.,669092,5 mg,COMPRIMIDO MASTICABLE,1295823600000,,VÍA ORAL,True,True,True,False,False,False,False,https://cima.aemps.es/cima/pdfs/ft/72110/FT_72110.pdf,https://cima.aemps.es/cima/fotos/thumbnails/materialas/72110/72110_materialas.jpg,3,1
87,72590,MONTELUKAST STADA 10 mg COMPRIMIDOS RECUBIERTOS CON PELICULA EFG,MONTELUKAST SODICO,Laboratorio Stada S.L.,Laboratorio Stada S.L.,665728,10 mg,COMPRIMIDO,1280268000000,,VÍA ORAL,True,True,True,False,False,False,False,https://cima.aemps.es/cima/pdfs/ft/72590/FT_72590.pdf,https://cima.aemps.es/cima/fotos/thumbnails/materialas/72590/72590_materialas.jpg,3,1
88,72593,MONTELUKAST STADA 4 mg COMPRIMIDOS MASTICABLES EFG,MONTELUKAST SODICO,Laboratorio Stada S.L.,Laboratorio Stada S.L.,665726,4 mg,COMPRIMIDO MASTICABLE,1280268000000,,VÍA ORAL,True,True,True,False,False,False,False,https://cima.aemps.es/cima/pdfs/ft/72593/FT_72593.pdf,https://cima.aemps.es/cima/fotos/thumbnails/materialas/72593/72593_materialas.jpg,3,1
89,72591,MONTELUKAST STADA 5 mg COMPRIMIDOS MASTICABLES EFG,MONTELUKAST SODICO,Laboratorio Stada S.L.,Laboratorio Stada S.L.,665727,5 mg,COMPRIMIDO MASTICABLE,1280268000000,,VÍA ORAL,True,True,True,False,False,False,False,https://cima.aemps.es/cima/pdfs/ft/72591/FT_72591.pdf,https://cima.aemps.es/cima/fotos/thumbnails/materialas/72591/72591_materialas.jpg,3,1
90,74116,MONTELUKAST TECNIGEN 10 mg COMPRIMIDOS RECUBIERTOS CON PELICULA EFG,MONTELUKAST SODICO,Tecnimede España Industria Farmaceutica S.A.,Tecnimede España Industria Farmaceutica S.A.,680798,10 mg,COMPRIMIDO,1306274400000,,VÍA ORAL,True,True,True,False,False,False,False,https://cima.aemps.es/cima/pdfs/ft/74116/FT_74116.pdf,https://cima.aemps.es/cima/fotos/thumbnails/materialas/74116/74116_materialas.jpg,3,1
91,73409,MONTELUKAST VIATRIS 10 MG COMPRIMIDOS RECUBIERTOS CON PELICULA EFG,MONTELUKAST SODICO,Viatris Limited,Viatris Pharmaceuticals S.L.,677323,10 mg,COMPRIMIDO,1296601200000,,VÍA ORAL,True,True,True,False,False,False,False,https://cima.aemps.es/cima/pdfs/ft/73409/FT_73409.pdf,https://cima.aemps.es/cima/fotos/thumbnails/materialas/73409/73409_materialas.jpg,3,1
92,74086,MONTELUKAST VIATRIS 4 MG COMPRIMIDOS MASTICABLES EFG,MONTELUKAST SODICO,Viatris Limited,Viatris Pharmaceuticals S.L.,680734,4 mg,COMPRIMIDO MASTICABLE,1317938400000,,VÍA ORAL,True,True,True,False,False,False,False,https://cima.aemps.es/cima/pdfs/ft/74086/FT_74086.pdf,https://cima.aemps.es/cima/fotos/thumbnails/materialas/74086/74086_materialas.jpg,3,1
93,74085,MONTELUKAST VIATRIS 5 MG COMPRIMIDOS MASTICABLES EFG,MONTELUKAST SODICO,Viatris Limited,Viatris Pharmaceuticals S.L.,680715,5 mg,COMPRIMIDO MASTICABLE,1317938400000,,VÍA ORAL,True,True,True,False,False,False,False,https://cima.aemps.es/cima/pdfs/ft/74085/FT_74085.pdf,https://cima.aemps.es/cima/fotos/thumbnails/materialas/74085/74085_materialas.jpg,3,1
94,1151043005,NUCALA 100 MG SOLUCION INYECTABLE EN JERINGA PRECARGADA,MEPOLIZUMAB,Glaxosmithkline Trading Services Limited,Glaxosmithkline S.A.,726684,100 mg,INYECTABLE,1569535200000,,VÍA SUBCUTÁNEA,True,True,False,False,False,False,False,https://cima.aemps.es/cima/pdfs/ft/1151043005/FT_1151043005.pdf,https://cima.aemps.es/cima/fotos/thumbnails/materialas/1151043005/1151043005_materialas.jpg,3,1
95,1151043003,NUCALA 100 MG SOLUCION INYECTABLE EN PLUMA PRECARGADA,MEPOLIZUMAB,Glaxosmithkline Trading Services Limited,Glaxosmithkline S.A.,726685,100 mg,INYECTABLE,1569535200000,,VÍA SUBCUTÁNEA,True,True,False,False,False,False,False,https://cima.aemps.es/cima/pdfs/ft/1151043003/FT_1151043003.pdf,https://cima.aemps.es/cima/fotos/thumbnails/materialas/1151043003/1151043003_materialas.jpg,3,1
96,1151043009,NUCALA 40 MG SOLUCION INYECTABLE EN JERINGA PRECARGADA,MEPOLIZUMAB,Glaxosmithkline Trading Services Limited,Glaxosmithkline S.A.,758570,40 MG,INYECTABLE,1666086177000,,VÍA SUBCUTÁNEA,True,True,False,False,False,False,False,https://cima.aemps.es/cima/pdfs/ft/1151043009/FT_1151043009.pdf,https://cima.aemps.es/cima/fotos/thumbnails/materialas/1151043009/1151043009_materialas.jpg,3,1
97,61666,"OXIS TURBUHALER 4,5 microgramos/INHALACION POLVO PARA INHALACION",FORMOTEROL FUMARATO DIHIDRATO,Laboratorio Beta S.A.,Laboratorio Beta S.A.,668871,"4,5 mcg formoterol fumarato dihidrato/ inhalación",INHALACIÓN PULMONAR,880930800000,,VÍA INHALATORIA,True,True,False,False,False,False,False,https://cima.aemps.es/cima/pdfs/ft/61666/FT_61666.pdf,https://cima.aemps.es/cima/fotos/thumbnails/materialas/61666/61666_materialas.jpg,3,1
98,61667,OXIS TURBUHALER 9 microgramos/INHALACION POLVO PARA INHALACION,FORMOTEROL FUMARATO DIHIDRATO,Laboratorio Beta S.A.,Laboratorio Beta S.A.,668863,9 mcg formoterol fumarato dihidrato/inhalación,INHALACIÓN PULMONAR,880930800000,,VÍA INHALATORIA,True,True,False,False,False,False,False,https://cima.aemps.es/cima/pdfs/ft/61667/FT_61667.pdf,https://cima.aemps.es/cima/fotos/thumbnails/materialas/61667/61667_materialas.jpg,3,1
99,62842,"PLUSVENT ACCUHALER 50 microgramos/100 microgramos/INHALACIÓN, POLVO PARA INHALACIÓN","FLUTICASONA PROPIONATO, SALMETEROL",Glaxosmithkline S.A.,Glaxosmithkline S.A.,843052,50 µg salmeterol + 100 µg propionato fluticasona,INHALACIÓN PULMONAR,945471600000,,VÍA INHALATORIA,True,True,False,False,False,False,False,https://cima.aemps.es/cima/pdfs/ft/62842/FT_62842.pdf,https://cima.aemps.es/cima/fotos/thumbnails/materialas/62842/62842_materialas.jpg,3,2
100,62843,"PLUSVENT ACCUHALER 50 microgramos/250 microgramos/INHALACIÓN, POLVO PARA INHALACIÓN","SALMETEROL, FLUTICASONA PROPIONATO",Glaxosmithkline S.A.,Glaxosmithkline S.A.,843649,50 µg salmeterol/ 250 µg fluticasona propionato,INHALACIÓN PULMONAR,945471600000,,VÍA INHALATORIA,True,True,False,False,False,False,False,https://cima.aemps.es/cima/pdfs/ft/62843/FT_62843.pdf,https://cima.aemps.es/cima/fotos/thumbnails/materialas/62843/62843_materialas.jpg,3,2
101,62844,"PLUSVENT ACCUHALER 50 microgramos/500 microgramos/INHALACIÓN, POLVO PARA INHALACIÓN","SALMETEROL, FLUTICASONA PROPIONATO",Glaxosmithkline S.A.,Glaxosmithkline S.A.,844183,50 µg salmeterol+500 µg propionato de fluticasona,INHALACIÓN PULMONAR,945298800000,,VÍA INHALATORIA,True,True,False,False,False,False,False,https://cima.aemps.es/cima/pdfs/ft/62844/FT_62844.pdf,https://cima.aemps.es/cima/fotos/thumbnails/materialas/62844/62844_materialas.jpg,3,2
102,63870,"PLUSVENT 25 microgramos/125 microgramos/inhalación, suspensión para inhalación envase a presión","FLUTICASONA PROPIONATO, SALMETEROL",Glaxosmithkline S.A.,Glaxosmithkline S.A.,932228,25 mcg salmeterol / 125 mcg propionato fluticasona,INHALACIÓN PULMONAR,988322400000,,VÍA INHALATORIA,True,True,False,False,False,False,False,https://cima.aemps.es/cima/pdfs/ft/63870/FT_63870.pdf,https://cima.aemps.es/cima/fotos/thumbnails/materialas/63870/63870_materialas.jpg,3,2
103,63871,"PLUSVENT 25 microgramos/250 microgramos/inhalación, suspensión para inhalación envase a presión","FLUTICASONA PROPIONATO, SALMETEROL",Glaxosmithkline S.A.,Glaxosmithkline S.A.,932236,25 mcg salmeterol/ 250 mcg fluticasona propionato,INHALACIÓN PULMONAR,988322400000,,VÍA INHALATORIA,True,True,False,False,False,False,False,https://cima.aemps.es/cima/pdfs/ft/63871/FT_63871.pdf,https://cima.aemps.es/cima/fotos/thumbnails/materialas/63871/63871_materialas.jpg,3,2
104,63869,"PLUSVENT 25 microgramos/50 microgramos/inhalación, suspensión para inhalación envase a presión","FLUTICASONA PROPIONATO, SALMETEROL",Glaxosmithkline S.A.,Glaxosmithkline S.A.,932178,25 mcg salmeterol/ 50 mcg fluticasona propionato,INHALACIÓN PULMONAR,988322400000,,VÍA INHALATORIA,True,True,False,False,False,False,False,https://cima.aemps.es/cima/pdfs/ft/63869/FT_63869.pdf,https://cima.aemps.es/cima/fotos/thumbnails/materialas/63869/63869_materialas.jpg,3,2
105,75649,PREDNISONA CINFA 10 mg COMPRIMIDOS,PREDNISONA,Laboratorios Cinfa S.A.,Laboratorios Cinfa S.A.,688717,10 mg prednisona/comprimido,COMPRIMIDO,1332252391000,,VÍA ORAL,True,True,False,False,False,False,False,https://cima.aemps.es/cima/pdfs/ft/75649/FT_75649.pdf,https://cima.aemps.es/cima/fotos/thumbnails/materialas/75649/75649_materialas.jpg,3,1
106,75644,"PREDNISONA CINFA 2,5 mg COMPRIMIDOS EFG",PREDNISONA,Laboratorios Cinfa S.A.,Laboratorios Cinfa S.A.,688704,"2,5 mg prednisona/comprimido",COMPRIMIDO,1332252392000,,VÍA ORAL,True,True,True,False,False,False,False,https://cima.aemps.es/cima/pdfs/ft/75644/FT_75644.pdf,https://cima.aemps.es/cima/fotos/thumbnails/materialas/75644/75644_materialas.jpg,3,1
107,75676,PREDNISONA CINFA 30 mg COMPRIMIDOS EFG,PREDNISONA,Laboratorios Cinfa S.A.,Laboratorios Cinfa S.A.,688760,30 mg prednisona/comprimido,COMPRIMIDO,1332372140000,,VÍA ORAL,True,True,True,False,False,False,False,https://cima.aemps.es/cima/pdfs/ft/75676/FT_75676.pdf,https://cima.aemps.es/cima/fotos/thumbnails/materialas/75676/75676_materialas.jpg,3,1
108,75647,PREDNISONA CINFA 5 mg COMPRIMIDOS EFG,PREDNISONA,Laboratorios Cinfa S.A.,Laboratorios Cinfa S.A.,688711,5 mg prednisona/comprimido,COMPRIMIDO,1332252392000,,VÍA ORAL,True,True,True,False,False,False,False,https://cima.aemps.es/cima/pdfs/ft/75647/FT_75647.pdf,https://cima.aemps.es/cima/fotos/thumbnails/materialas/75647/75647_materialas.jpg,3,1
109,62046,PULMICORT TURBUHALER 100 microgramos/inhalacion POLVO PARA INHALACION,BUDESONIDA,Astrazeneca Farmaceutica Spain S.A.,Astrazeneca Farmaceutica Spain S.A.,660910,100 mcg budesonida/inhalación (dosis liberada),INHALACIÓN PULMONAR,907192800000,,VÍA INHALATORIA,True,True,False,False,False,False,False,https://cima.aemps.es/cima/pdfs/ft/62046/FT_62046.pdf,https://cima.aemps.es/cima/fotos/thumbnails/materialas/62046/62046_materialas.jpg,3,1
110,59254,PULMICORT TURBUHALER 200 microgramos/inhalación POLVO PARA INHALACION,BUDESONIDA,Astrazeneca Farmaceutica Spain S.A.,Astrazeneca Farmaceutica Spain S.A.,651927,200 µg budesonida/inhalación (dosis liberada),INHALACIÓN PULMONAR,702079200000,,VÍA INHALATORIA,True,True,False,False,False,False,False,https://cima.aemps.es/cima/pdfs/ft/59254/FT_59254.pdf,https://cima.aemps.es/cima/fotos/thumbnails/materialas/59254/59254_materialas.jpg,3,1
111,59255,PULMICORT TURBUHALER 400 microgramos/inhalación POLVO PARA INHALACION,BUDESONIDA,Astrazeneca Farmaceutica Spain S.A.,Astrazeneca Farmaceutica Spain S.A.,885640,400 mcg budesonida/ inhalación,INHALACIÓN PULMONAR,702079200000,,VÍA INHALATORIA,True,True,False,False,False,False,False,https://cima.aemps.es/cima/pdfs/ft/59255/FT_59255.pdf,https://cima.aemps.es/cima/fotos/thumbnails/materialas/59255/59255_materialas.jpg,3,1
112,59298,"PULMICORT 0,25 mg/ml SUSPENSION PARA INHALACION POR NEBULIZADOR",BUDESONIDA,Astrazeneca Farmaceutica Spain S.A.,Astrazeneca Farmaceutica Spain S.A.,605959,"0,25 mg budesonida/ml",INHALACIÓN PULMONAR,702079200000,,VÍA INHALATORIA,True,True,False,False,False,False,False,https://cima.aemps.es/cima/pdfs/ft/59298/FT_59298.pdf,https://cima.aemps.es/cima/fotos/thumbnails/materialas/59298/59298_materialas.jpg,3,1
113,59297,"PULMICORT 0,50 mg/ml SUSPENSION PARA INHALACION POR NEBULIZADOR",BUDESONIDA,Astrazeneca Farmaceutica Spain S.A.,Astrazeneca Farmaceutica Spain S.A.,605958,"0,50 mg budesonida/ml",INHALACIÓN PULMONAR,702079200000,,VÍA INHALATORIA,True,True,False,False,False,False,False,https://cima.aemps.es/cima/pdfs/ft/59297/FT_59297.pdf,https://cima.aemps.es/cima/fotos/thumbnails/materialas/59297/59297_materialas.jpg,3,1
114,113886005,RELVAR ELLIPTA 184 MCG/22 MCG POLVO PARA INHALACION (UNIDODIS),"VILANTEROL TRIFENATATO, FLUTICASONA FUROATO",Glaxosmithkline Trading Services Limited,Glaxosmithkline S.A.,700812,184 microgramos/22 microgramos,INHALACIÓN PULMONAR,1386802800000,,VÍA INHALATORIA,True,True,False,False,False,False,False,https://cima.aemps.es/cima/pdfs/ft/113886005/FT_113886005.pdf,https://cima.aemps.es/cima/fotos/thumbnails/materialas/113886005/113886005_materialas.jpg,3,2
115,113886002,RELVAR ELLIPTA 92 MCG/22 MCG POLVO PARA INHALACION (UNIDODIS),"VILANTEROL TRIFENATATO, FLUTICASONA FUROATO",Glaxosmithkline Trading Services Limited,Glaxosmithkline S.A.,700811,92 microgramos/22 microgramos,INHALACIÓN PULMONAR,1386802800000,,VÍA INHALATORIA,True,True,False,False,False,False,False,https://cima.aemps.es/cima/pdfs/ft/113886002/FT_113886002.pdf,https://cima.aemps.es/cima/fotos/thumbnails/materialas/113886002/113886002_materialas.jpg,3,2
116,114929005,REVINTY ELLIPTA 184 MICROGRAMOS/22 MICROGRAMOS POLVO PARA INHALACION (UNIDOSIS),"FLUTICASONA FUROATO, VILANTEROL",Glaxosmithkline Trading Services Limited,Faes Farma S.A.,722406,184 microgramos/22 microgramos,INHALACIÓN PULMONAR,1532963846000,,VÍA INHALATORIA,True,True,False,False,False,False,False,https://cima.aemps.es/cima/pdfs/ft/114929005/FT_114929005.pdf,https://cima.aemps.es/cima/fotos/thumbnails/materialas/114929005/114929005_materialas.jpg,3,2
117,114929002,REVINTY ELLIPTA 92 MICROGRAMOS/22 MICROGRAMOS POLVO PARA INHALACION (UNIDOSIS),"FLUTICASONA FUROATO, VILANTEROL",Glaxosmithkline Trading Services Limited,Faes Farma S.A.,722404,92 microgramos/22 microgramos,INHALACIÓN PULMONAR,1532901600000,,VÍA INHALATORIA,True,True,False,False,False,False,False,https://cima.aemps.es/cima/pdfs/ft/114929002/FT_114929002.pdf,https://cima.aemps.es/cima/fotos/thumbnails/materialas/114929002/114929002_materialas.jpg,3,2
118,60500,RIBUJET 200 MICROGRAMOS/PULSACION SOLUCION PARA INHALACION EN ENVASE A PRESION,BUDESONIDA,Chiesi España S.A.U.,Chiesi España S.A.U.,654335,200 microgramos/dosis,INHALACIÓN PULMONAR,786236400000,1710249749000.0,VÍA INHALATORIA,False,True,False,False,False,False,False,https://cima.aemps.es/cima/pdfs/ft/60500/FT_60500.pdf,https://cima.aemps.es/cima/fotos/thumbnails/materialas/60500/60500_materialas.jpg,3,1
119,65045,RILAST FORTE TURBUHALER 320 microgramos/9 microgramos/INHALACION POLVO PARA INHALACION,"BUDESONIDA, FORMOTEROL FUMARATO",Laboratorio Tau S.A.,Laboratorio Tau S.A.,723312,320 MCG / 9 MCG,INHALACIÓN PULMONAR,1034892000000,,VÍA INHALATORIA,True,True,False,False,False,False,False,https://cima.aemps.es/cima/pdfs/ft/65045/FT_65045.pdf,https://cima.aemps.es/cima/fotos/thumbnails/materialas/65045/65045_materialas.jpg,3,2
120,64353,"RILAST TURBUHALER 160 microgramos/4,5 microgramos/INHALACION POLVO PARA INHALACION","BUDESONIDA, FORMOTEROL FUMARATO",Laboratorio Tau S.A.,Laboratorio Tau S.A.,723315,"160 microgramos / 4,5 microgramos",INHALACIÓN PULMONAR,1006124400000,,VÍA INHALATORIA,True,True,False,False,False,False,False,https://cima.aemps.es/cima/pdfs/ft/64353/FT_64353.pdf,https://cima.aemps.es/cima/fotos/thumbnails/materialas/64353/64353_materialas.jpg,3,2
121,64354,"RILAST TURBUHALER 80 microgramos/4,5 microgramos/INHALACION POLVO PARA INHALACION","BUDESONIDA, FORMOTEROL FUMARATO",Laboratorio Tau S.A.,Laboratorio Tau S.A.,723306,80 mcg / 4.5 mcg,INHALACIÓN PULMONAR,1006124400000,,VÍA INHALATORIA,True,True,False,False,False,False,False,https://cima.aemps.es/cima/pdfs/ft/64354/FT_64354.pdf,https://cima.aemps.es/cima/fotos/thumbnails/materialas/64354/64354_materialas.jpg,3,2
122,73563,SALBUAIR 2.5 mg SOLUCION PARA INHALACION POR NEBULIZADOR,SALBUTAMOL SULFATO,Laboratorio Aldo Union S.L.,Laboratorio Aldo Union S.L.,677362,0.12% P/V SALBUTAMOL SULFATO,INHALACIÓN PULMONAR,1298329200000,,VÍA INHALATORIA,True,True,False,False,False,False,False,https://cima.aemps.es/cima/pdfs/ft/73563/FT_73563.pdf,https://cima.aemps.es/cima/fotos/thumbnails/materialas/73563/73563_materialas.jpg,3,1
123,73562,SALBUAIR 5 mg SOLUCION PARA INHALACION POR NEBULIZADOR,SALBUTAMOL SULFATO,Laboratorio Aldo Union S.L.,Laboratorio Aldo Union S.L.,677363,0.24% P/V SALBUTAMOL SULFATO,INHALACIÓN PULMONAR,1298329200000,,VÍA INHALATORIA,True,True,False,False,False,False,False,https://cima.aemps.es/cima/pdfs/ft/73562/FT_73562.pdf,https://cima.aemps.es/cima/fotos/thumbnails/materialas/73562/73562_materialas.jpg,3,1
124,65850,SALBUTAMOL ALDO-UNION 100 microgramos/dosis SUSPENSION PARA INHALACION EN ENVASE A PRESION,SALBUTAMOL SULFATO,Laboratorio Aldo Union S.L.,Laboratorio Aldo Union S.L.,797183,100 microgramos/aplicación,INHALACIÓN PULMONAR,1073862000000,,VÍA INHALATORIA,True,True,True,False,False,False,False,https://cima.aemps.es/cima/pdfs/ft/65850/FT_65850.pdf,https://cima.aemps.es/cima/fotos/thumbnails/materialas/65850/65850_materialas.jpg,3,1
125,62667,"SERETIDE ACCUHALER 50 microgramos/100 microgramos/inhalación, POLVO PARA INHALACIÓN","FLUTICASONA PROPIONATO, SALMETEROL XINAFOATO",Glaxosmithkline S.A.,Glaxosmithkline S.A.,804724,50/100 mcg,INHALACIÓN PULMONAR,930780000000,,VÍA INHALATORIA,True,True,False,False,False,False,False,https://cima.aemps.es/cima/pdfs/ft/62667/FT_62667.pdf,https://cima.aemps.es/cima/fotos/thumbnails/materialas/62667/62667_materialas.jpg,3,2
126,62668,"SERETIDE ACCUHALER 50 microgramos/250 microgramos/INHALACIÓN, POLVO PARA INHALACIÓN.","FLUTICASONA PROPIONATO, SALMETEROL XINAFOATO",Glaxosmithkline S.A.,Glaxosmithkline S.A.,804740,50/250 mcg,INHALACIÓN PULMONAR,930780000000,,VÍA INHALATORIA,True,True,False,False,False,False,False,https://cima.aemps.es/cima/pdfs/ft/62668/FT_62668.pdf,https://cima.aemps.es/cima/fotos/thumbnails/materialas/62668/62668_materialas.jpg,3,2
127,62669,"SERETIDE ACCUHALER 50 microgramos/500 microgramos/INHALACIÓN, POLVO PARA INHALACIÓN","FLUTICASONA PROPIONATO, SALMETEROL XINAFOATO",Glaxosmithkline S.A.,Glaxosmithkline S.A.,804955,50/500 mcg,INHALACIÓN PULMONAR,930780000000,,VÍA INHALATORIA,True,True,False,False,False,False,False,https://cima.aemps.es/cima/pdfs/ft/62669/FT_62669.pdf,https://cima.aemps.es/cima/fotos/thumbnails/materialas/62669/62669_materialas.jpg,3,2
128,63797,"SERETIDE 25 microgramos/125 microgramos/INHALACIÓN, SUSPENSIÓN PARA INHALACIÓN EN ENVASE A PRESIÓN","SALMETEROL, FLUTICASONA PROPIONATO",Glaxosmithkline S.A.,Glaxosmithkline S.A.,874578,25 mcg/125 mcg,INHALACIÓN PULMONAR,986162400000,,VÍA INHALATORIA,True,True,False,False,False,False,False,https://cima.aemps.es/cima/pdfs/ft/63797/FT_63797.pdf,https://cima.aemps.es/cima/fotos/thumbnails/materialas/63797/63797_materialas.jpg,3,2
129,63798,"SERETIDE 25 microgramos/250 microgramos/INHALACIÓN, SUSPENSIÓN PARA INHALACIÓN EN ENVASE A PRESIÓN","FLUTICASONA PROPIONATO, SALMETEROL",Glaxosmithkline S.A.,Glaxosmithkline S.A.,874586,25 mcg/250 mcg,INHALACIÓN PULMONAR,986162400000,,VÍA INHALATORIA,True,True,False,False,False,False,False,https://cima.aemps.es/cima/pdfs/ft/63798/FT_63798.pdf,https://cima.aemps.es/cima/fotos/thumbnails/materialas/63798/63798_materialas.jpg,3,2
130,63796,"SERETIDE 25 microgramos/50 microgramos/INHALACIÓN, SUSPENSIÓN PARA INHALACIÓN EN ENVASE A PRESIÓN","SALMETEROL, FLUTICASONA PROPIONATO",Glaxosmithkline S.A.,Glaxosmithkline S.A.,874354,25 mcg/50 mcg,INHALACIÓN PULMONAR,986162400000,,VÍA INHALATORIA,True,True,False,False,False,False,False,https://cima.aemps.es/cima/pdfs/ft/63796/FT_63796.pdf,https://cima.aemps.es/cima/fotos/thumbnails/materialas/63796/63796_materialas.jpg,3,2
131,59489,"SEREVENT ACCUHALER 50 microgramos/inhalación, polvo para inhalación",SALMETEROL,Glaxosmithkline S.A.,Glaxosmithkline S.A.,670513,50 µg,INHALACIÓN PULMONAR,709941600000,,VÍA INHALATORIA,True,True,False,False,False,False,False,https://cima.aemps.es/cima/pdfs/ft/59489/FT_59489.pdf,https://cima.aemps.es/cima/fotos/thumbnails/materialas/59489/59489_materialas.jpg,3,1
132,59490,"SEREVENT 25 microgramos/inhalación, suspensión para inhalación en envase a presión",SALMETEROL XINAFOATO,Glaxosmithkline S.A.,Glaxosmithkline S.A.,670497,25 mcg salmeterol hidroxinaftoato,INHALACIÓN PULMONAR,709941600000,,VÍA INHALATORIA,True,True,False,False,False,False,False,https://cima.aemps.es/cima/pdfs/ft/59490/FT_59490.pdf,https://cima.aemps.es/cima/fotos/thumbnails/materialas/59490/59490_materialas.jpg,3,1
133,61980,SINGULAIR 10 mg COMPRIMIDOS RECUBIERTOS CON PELICULA,MONTELUKAST SODICO,Organon Salud S.L.,Organon Salud S.L.,662056,10 mg,COMPRIMIDO,888706800000,,VÍA ORAL,True,True,False,False,False,False,False,https://cima.aemps.es/cima/pdfs/ft/61980/FT_61980.pdf,https://cima.aemps.es/cima/fotos/thumbnails/materialas/61980/61980_materialas.jpg,3,1
134,63673,SINGULAIR 4 mg COMPRIMIDOS MASTICABLES,MONTELUKAST SODICO,Organon Salud S.L.,Organon Salud S.L.,709394,4 mg,COMPRIMIDO MASTICABLE,982278000000,,VÍA ORAL,True,True,False,False,False,False,False,https://cima.aemps.es/cima/pdfs/ft/63673/FT_63673.pdf,https://cima.aemps.es/cima/fotos/thumbnails/materialas/63673/63673_materialas.jpg,3,1
135,65429,SINGULAIR 4 mg GRANULADO,MONTELUKAST SODICO,Organon Salud S.L.,Organon Salud S.L.,840645,4 mg,SOLUCIÓN/SUSPENSIÓN ORAL,1055282400000,,VÍA ORAL,False,True,False,False,False,False,False,https://cima.aemps.es/cima/pdfs/ft/65429/FT_65429.pdf,https://cima.aemps.es/cima/fotos/thumbnails/materialas/65429/65429_materialas.jpg,3,1
136,61979,SINGULAIR 5 MG COMPRIMIDOS MASTICABLES,MONTELUKAST SODICO,Organon Salud S.L.,Organon Salud S.L.,662064,5 mg,COMPRIMIDO MASTICABLE,888706800000,,VÍA ORAL,True,True,False,False,False,False,False,https://cima.aemps.es/cima/pdfs/ft/61979/FT_61979.pdf,https://cima.aemps.es/cima/fotos/thumbnails/materialas/61979/61979_materialas.jpg,3,1
137,84742,SOPROBEC 100 MICROGRAMOS/INHALACION SOLUCION PARA INHALACION EN ENVASE A PRESION,BECLOMETASONA DIPROPIONATO,Glenmark Arzneimittel Gmbh,Glenmark Farmaceutica S.L.U,727639,100 microgramos/inhalacion,INHALACIÓN PULMONAR,1608216985000,,VÍA INHALATORIA,False,True,False,False,False,False,False,https://cima.aemps.es/cima/pdfs/ft/84742/FT_84742.pdf,https://cima.aemps.es/cima/fotos/thumbnails/materialas/84742/84742_materialas.jpg,3,1
138,84744,SOPROBEC 200 MICROGRAMOS/INHALACION SOLUCION PARA INHALACION EN ENVASE A PRESION,BECLOMETASONA DIPROPIONATO,Glenmark Arzneimittel Gmbh,Glenmark Farmaceutica S.L.U,727642,200 microgramos/pulsacion,INHALACIÓN PULMONAR,1608216985000,,VÍA INHALATORIA,False,True,False,False,False,False,False,https://cima.aemps.es/cima/pdfs/ft/84744/FT_84744.pdf,https://cima.aemps.es/cima/fotos/thumbnails/materialas/84744/84744_materialas.jpg,3,1
139,84743,SOPROBEC 250 MICROGRAMOS/INHALACION SOLUCION PARA INHALACION EN ENVASE A PRESION,BECLOMETASONA DIPROPIONATO,Glenmark Arzneimittel Gmbh,Glenmark Farmaceutica S.L.U,727641,250 microgramos/pulsacion,INHALACIÓN PULMONAR,1608216969000,,VÍA INHALATORIA,False,True,False,False,False,False,False,https://cima.aemps.es/cima/pdfs/ft/84743/FT_84743.pdf,https://cima.aemps.es/cima/fotos/thumbnails/materialas/84743/84743_materialas.jpg,3,1
140,84741,SOPROBEC 50 MICROGRAMOS/INHALACION SOLUCION PARA INHALACION EN ENVASE A PRESION,BECLOMETASONA DIPROPIONATO,Glenmark Arzneimittel Gmbh,Glenmark Farmaceutica S.L.U,727638,50 microgramos/pulsacion,INHALACIÓN PULMONAR,1608216967000,,VÍA INHALATORIA,False,True,False,False,False,False,False,https://cima.aemps.es/cima/pdfs/ft/84741/FT_84741.pdf,https://cima.aemps.es/cima/fotos/thumbnails/materialas/84741/84741_materialas.jpg,3,1
141,69589,"SPIRIVA RESPIMAT 2,5 microgramos SOLUCION PARA INHALACION",TIOTROPIO BROMURO,Boehringer Ingelheim International Gmbh,Boehringer Ingelheim Espana S.A.,725948,"2,5 microgramos / pulverización",INHALACIÓN PULMONAR,1202252400000,,VÍA INHALATORIA,True,True,False,False,False,False,False,https://cima.aemps.es/cima/pdfs/ft/69589/FT_69589.pdf,https://cima.aemps.es/cima/fotos/thumbnails/materialas/69589/69589_materialas.jpg,3,1
142,65044,SYMBICORT FORTE TURBUHALER 320 microgramos/9 microgramos/INHALACION POLVO PARA INHALACION,"BUDESONIDA, FORMOTEROL FUMARATO DIHIDRATO",Astrazeneca Farmaceutica Spain S.A.,Astrazeneca Farmaceutica Spain S.A.,723313,320 µg budesonida/9 µg de formoterol/inhalación,INHALACIÓN PULMONAR,1034892000000,,VÍA INHALATORIA,True,True,False,False,False,False,False,https://cima.aemps.es/cima/pdfs/ft/65044/FT_65044.pdf,https://cima.aemps.es/cima/fotos/thumbnails/materialas/65044/65044_materialas.jpg,3,2
143,63958,"SYMBICORT TURBUHALER 160 microgramos/4,5 microgramos/INHALACION POLVO PARA INHALACION","BUDESONIDA, FORMOTEROL FUMARATO DIHIDRATO",Astrazeneca Farmaceutica Spain S.A.,Astrazeneca Farmaceutica Spain S.A.,723314,160µg budesonida/4.5 µg de formoterol/inhalación,INHALACIÓN PULMONAR,991692000000,,VÍA INHALATORIA,True,True,False,False,False,False,False,https://cima.aemps.es/cima/pdfs/ft/63958/FT_63958.pdf,https://cima.aemps.es/cima/fotos/thumbnails/materialas/63958/63958_materialas.jpg,3,2
144,63956,"SYMBICORT TURBUHALER 80 microgramos/4,5 microgramos/INHALACION POLVO PARA INHALACION","BUDESONIDA, FORMOTEROL FUMARATO DIHIDRATO",Astrazeneca Farmaceutica Spain S.A.,Astrazeneca Farmaceutica Spain S.A.,723311,80 µg budesonida/4.5 µg de formoterol/inhalación,INHALACIÓN PULMONAR,991605600000,,VÍA INHALATORIA,True,True,False,False,False,False,False,https://cima.aemps.es/cima/pdfs/ft/63956/FT_63956.pdf,https://cima.aemps.es/cima/fotos/thumbnails/materialas/63956/63956_materialas.jpg,3,2
145,85232,"SYMBICORT 80 MICROGRAMOS/2,25 MICROGRAMOS/INHALACION SUSPENSION PARA INHALACION EN ENVASE A PRESION","BUDESONIDA, FORMOTEROL FUMARATO DIHIDRATO",Astrazeneca Farmaceutica Spain S.A.,Astrazeneca Farmaceutica Spain S.A.,728894,"80 microgramos/2,25  microgramos",INHALACIÓN PULMONAR,1603815547000,,VÍA INHALATORIA,True,True,False,False,False,False,False,https://cima.aemps.es/cima/pdfs/ft/85232/FT_85232.pdf,https://cima.aemps.es/cima/fotos/thumbnails/materialas/85232/85232_materialas.jpg,3,2
146,58859,TERBASMIN TURBUHALER 500 microgramos/inhalacion POLVO PARA INHALACION,TERBUTALINA SULFATO,Laboratorio Lailan S.A.,Laboratorio Lailan S.A.,723500,500 µg,INHALACIÓN PULMONAR,665362800000,,VÍA INHALATORIA,True,True,False,False,False,False,False,https://cima.aemps.es/cima/pdfs/ft/58859/FT_58859.pdf,https://cima.aemps.es/cima/fotos/thumbnails/materialas/58859/58859_materialas.jpg,3,1
147,1221677001,TEZSPIRE 210 MG SOLUCION INYECTABLE EN JERINGA PRECARGADA,TEZEPELUMAB,Astrazeneca Ab,Astrazeneca Farmaceutica Spain S.A.,758463,210 MG,INYECTABLE,1665058542000,,VÍA SUBCUTÁNEA,False,True,False,False,True,False,False,https://cima.aemps.es/cima/pdfs/ft/1221677001/FT_1221677001.pdf,https://cima.aemps.es/cima/fotos/thumbnails/materialas/1221677001/1221677001_materialas.jpg,3,1
148,1221677003,TEZSPIRE 210 MG SOLUCION INYECTABLE EN PLUMA PRECARGADA,TEZEPELUMAB,Astrazeneca Ab,Astrazeneca Farmaceutica Spain S.A.,762356,210 MG,INYECTABLE,1678278503000,,VÍA SUBCUTÁNEA,True,True,False,False,True,False,False,https://cima.aemps.es/cima/pdfs/ft/1221677003/FT_1221677003.pdf,https://cima.aemps.es/cima/fotos/thumbnails/materialas/1221677003/1221677003_materialas.jpg,3,1
149,61971,"TRIALONA ACCUHALER 100 MICROGRAMOS/INHALACIÓN, POLVO PARA INHALACIÓN",FLUTICASONA PROPIONATO,Glaxosmithkline S.A.,Glaxosmithkline S.A.,662361,100 mcg,INHALACIÓN PULMONAR,891381600000,,VÍA INHALATORIA,True,True,False,False,False,False,False,https://cima.aemps.es/cima/pdfs/ft/61971/FT_61971.pdf,https://cima.aemps.es/cima/fotos/thumbnails/materialas/61971/61971_materialas.jpg,3,1
150,61972,"TRIALONA ACCUHALER 500 MICROGRAMOS/INHALACIÓN, POLVO PARA INHALACIÓN",FLUTICASONA PROPIONATO,Glaxosmithkline S.A.,Glaxosmithkline S.A.,662353,500 mcg,INHALACIÓN PULMONAR,891381600000,,VÍA INHALATORIA,True,True,False,False,False,False,False,https://cima.aemps.es/cima/pdfs/ft/61972/FT_61972.pdf,https://cima.aemps.es/cima/fotos/thumbnails/materialas/61972/61972_materialas.jpg,3,1
151,61788,"TRIALONA 250 MICROGRAMOS/INHALACIÓN, SUSPENSIÓN PARA INHALACIÓN EN ENVASE A PRESIÓN",FLUTICASONA PROPIONATO,Glaxosmithkline S.A.,Glaxosmithkline S.A.,665562,250 mcg,INHALACIÓN PULMONAR,878338800000,,VÍA INHALATORIA,True,True,False,False,False,False,False,https://cima.aemps.es/cima/pdfs/ft/61788/FT_61788.pdf,https://cima.aemps.es/cima/fotos/thumbnails/materialas/61788/61788_materialas.jpg,3,1
152,61787,"TRIALONA 50 MICROGRAMOS/INHALACIÓN, SUSPENSIÓN PARA INHALACIÓN EN ENVASE A PRESIÓN",FLUTICASONA PROPIONATO,Glaxosmithkline S.A.,Glaxosmithkline S.A.,665570,50 mcg,INHALACIÓN PULMONAR,878338800000,,VÍA INHALATORIA,True,True,False,False,False,False,False,https://cima.aemps.es/cima/pdfs/ft/61787/FT_61787.pdf,https://cima.aemps.es/cima/fotos/thumbnails/materialas/61787/61787_materialas.jpg,3,1
153,44901,TRIGON DEPOT 40 mg/ml SUSPENSIÓN INYECTABLE,TRIAMCINOLONA ACETONIDO,Piramal Critical Care B.V.,Euromed Pharma Spain S.L.,839589,40 mg/ml,INYECTABLE,-73702800000,,VÍA INTRAARTICULAR,True,True,False,False,False,False,False,https://cima.aemps.es/cima/pdfs/ft/44901/FT_44901.pdf,https://cima.aemps.es/cima/fotos/thumbnails/materialas/44901/44901_materialas.jpg,3,1
154,1171208007,TRIMBOW 172 microgramos/5 microgramos/9 microgramos SOLUCION PARA INHALACION EN ENVASE A PRESION,"BECLOMETASONA DIPROPIONATO, FORMOTEROL FUMARATO DIHIDRATO, GLICOPIRRONIO BROMURO",Chiesi Farmaceutici S.P.A.,Chiesi España S.A.U.,730420,172 microgramos/5 microgramos/9 microgramos,INHALACIÓN PULMONAR,1614181388000,,VÍA INHALATORIA,True,True,False,False,False,False,False,https://cima.aemps.es/cima/pdfs/ft/1171208007/FT_1171208007.pdf,https://cima.aemps.es/cima/fotos/thumbnails/materialas/1171208007/1171208007_materialas.jpg,3,3
155,1171208002,TRIMBOW 87 MICROGRAMOS/5 MICROGRAMOS/9 MICROGRAMOS SOLUCION PARA INHALACION EN ENVASE A PRESION,"BECLOMETASONA DIPROPIONATO, FORMOTEROL FUMARATO DIHIDRATO, GLICOPIRRONIO BROMURO",Chiesi Farmaceutici S.P.A.,Chiesi España S.A.U.,718533,87/5/9 microgramos/pulsación,INHALACIÓN PULMONAR,1502642331000,,VÍA INHALATORIA,True,True,False,False,False,False,False,https://cima.aemps.es/cima/pdfs/ft/1171208002/FT_1171208002.pdf,https://cima.aemps.es/cima/fotos/thumbnails/materialas/1171208002/1171208002_materialas.jpg,3,3
156,1171208010,TRIMBOW 88 microgramos/5 microgramos/9 microgramos POLVO PARA INHALACION,"BECLOMETASONA DIPROPIONATO, FORMOTEROL FUMARATO DIHIDRATO, GLICOPIRRONIO BROMURO",Chiesi Farmaceutici S.P.A.,Chiesi España S.A.U.,730791,88 microgramos/ 5 microgramos/ 9 microgramos,INHALACIÓN PULMONAR,1619706125000,,VÍA INHALATORIA,True,True,False,False,False,False,False,https://cima.aemps.es/cima/pdfs/ft/1171208010/FT_1171208010.pdf,https://cima.aemps.es/cima/fotos/thumbnails/materialas/1171208010/1171208010_materialas.jpg,3,3
157,53010,VENTOLIN 100 microgramos/INHALACIÓN SUSPENSIÓN PARA INHALACIÓN EN ENVASE A PRESIÓN,SALBUTAMOL,Glaxosmithkline S.A.,Glaxosmithkline S.A.,656706,100 mcg de salbutamol (en forma de sulfato),INHALACIÓN PULMONAR,168127200000,,VÍA INHALATORIA,True,True,False,False,False,False,False,https://cima.aemps.es/cima/pdfs/ft/53010/FT_53010.pdf,https://cima.aemps.es/cima/fotos/thumbnails/materialas/53010/53010_materialas.jpg,3,1
158,53932,VENTOLIN 2 mg/5 ml JARABE,SALBUTAMOL,Glaxosmithkline S.A.,Glaxosmithkline S.A.,715780,2 mg salbutamol sulfato/ 5 ml,SOLUCIÓN/SUSPENSIÓN ORAL,241912800000,,VÍA ORAL,True,True,False,False,False,False,False,https://cima.aemps.es/cima/pdfs/ft/53932/FT_53932.pdf,https://cima.aemps.es/cima/fotos/thumbnails/materialas/53932/53932_materialas.jpg,3,1
159,55147,VENTOLIN 5 mg/ml SOLUCION PARA INHALACION POR NEBULIZADOR,SALBUTAMOL SULFATO,Glaxosmithkline S.A.,Glaxosmithkline S.A.,941807,500 mg,INHALACIÓN PULMONAR,352249200000,,VÍA INHALATORIA,True,True,False,False,False,False,False,https://cima.aemps.es/cima/pdfs/ft/55147/FT_55147.pdf,https://cima.aemps.es/cima/fotos/thumbnails/materialas/55147/55147_materialas.jpg,3,1
160,05319008,XOLAIR 150 MG SOLUCION INYECTABLE,OMALIZUMAB,Novartis Europharm Limited,Novartis Farmaceutica S.A.,662444,150 mg,INYECTABLE,1236812400000,,VÍA SUBCUTÁNEA,True,True,False,False,False,False,False,https://cima.aemps.es/cima/pdfs/ft/05319008/FT_05319008.pdf,https://cima.aemps.es/cima/fotos/thumbnails/materialas/05319008/05319008_materialas.jpg,3,1
161,05319005,XOLAIR 75 MG SOLUCION INYECTABLE,OMALIZUMAB,Novartis Europharm Limited,Novartis Farmaceutica S.A.,662443,75 mg,INYECTABLE,1236812400000,,VÍA SUBCUTÁNEA,True,True,False,False,False,False,False,https://cima.aemps.es/cima/pdfs/ft/05319005/FT_05319005.pdf,https://cima.aemps.es/cima/fotos/thumbnails/materialas/05319005/05319005_materialas.jpg,3,1
162,61050,"ZAMENE 22,75 mg/ml GOTAS ORALES EN SUSPENSION",DEFLAZACORT,Laboratorios Menarini S.A.,Laboratorios Menarini S.A.,679969,1 mg deflazacort/gota,SOLUCION/SUSPENSION GOTAS ORALES,846802800000,,VÍA ORAL,True,True,False,False,False,False,False,https://cima.aemps.es/cima/pdfs/ft/61050/FT_61050.pdf,https://cima.aemps.es/cima/fotos/thumbnails/materialas/61050/61050_materialas.jpg,3,1
163,58655,ZAMENE 30 mg COMPRIMIDOS,DEFLAZACORT,Laboratorios Menarini S.A.,Laboratorios Menarini S.A.,994335,30 mg,COMPRIMIDO,646783200000,,VÍA ORAL,True,True,False,False,False,False,False,https://cima.aemps.es/cima/pdfs/ft/58655/FT_58655.pdf,https://cima.aemps.es/cima/fotos/thumbnails/materialas/58655/58655_materialas.jpg,3,1
164,58654,ZAMENE 6 mg COMPRIMIDOS,DEFLAZACORT,Laboratorios Menarini S.A.,Laboratorios Menarini S.A.,994327,6 mg,COMPRIMIDO,646783200000,,VÍA ORAL,True,True,False,False,False,False,False,https://cima.aemps.es/cima/pdfs/ft/58654/FT_58654.pdf,https://cima.aemps.es/cima/fotos/thumbnails/materialas/58654/58654_materialas.jpg,3,1
165,1201440002,ZIMBUS BREEZHALER 114 microgramos/46 microgramos/136 microgramos POLVO PARA INHALACION (CAPSULA DURA),"INDACATEROL ACETATO, GLICOPIRRONIO BROMURO, MOMETASONA FUROATO",Novartis Europharm Limited,Laboratorios Gebro Pharma S.A.,729880,114 microgramos/46 microgramos/136 microgramos,INHALACIÓN PULMONAR,1608073200000,,VÍA INHALATORIA,True,True,False,False,False,False,False,https://cima.aemps.es/cima/pdfs/ft/1201440002/FT_1201440002.pdf,https://cima.aemps.es/cima/fotos/thumbnails/materialas/1201440002/1201440002_materialas.jpg,3,3
166,81213,ACARIZAX 12 SQ-HDM LIOFILIZADO SUBLINGUAL,"EXTRACTO ALERGENICO DE DERMATOPHAGOIDES FARINAE, EXTRACTO ALERGENICO DE DERMATOPHAGOIDES PTERONYSSINUS",Alk-Abello A/S,Alk Abello S.A.,712508,12 SQ-HDM,COMPRIMIDO BUCODISPERSABLE/LIOTAB,1474236000000,,VÍA SUBLINGUAL,True,True,False,False,False,False,False,https://cima.aemps.es/cima/pdfs/ft/81213/FT_81213.pdf,,3,2
167,28824,ACTOCORTINA 75 MG POLVO Y DISOLVENTE PARA SOLUCION INYECTABLE,HIDROCORTISONA FOSFATO SODIO,Cheplapharm Arzneimittel Gmbh,Laboratorios Rubio S.A.,606541,75 MG,INYECTABLE,-376016400000,,VÍA INTRAARTICULAR,True,True,False,False,False,False,False,https://cima.aemps.es/cima/pdfs/ft/28824/FT_28824.pdf,,3,1
168,68552,ADRENALINA B. BRAUN 1 mg/ml SOLUCION INYECTABLE,EPINEFRINA BITARTRATO,B Braun Medical S.A.,B Braun Medical S.A.,658637,Adrenalina base 1 mg/ml,INYECTABLE,1172530800000,,VÍA INTRACARDIACA,True,True,False,False,False,False,False,https://cima.aemps.es/cima/pdfs/ft/68552/FT_68552.pdf,,3,1
169,35403,ADRENALINA LEVEL 1mg/ml SOLUCION INYECTABLE JERINGA PRECARGADA,EPINEFRINA,Laboratorios Ern S.A.,Laboratorios Ern S.A.,654187,-,INYECTABLE,-281322000000,,VÍA INTRACARDIACA,True,True,False,False,False,False,False,https://cima.aemps.es/cima/pdfs/ft/35403/FT_35403.pdf,,3,1
170,54578,ALDOBRONQUIAL 2 mg/5 ml JARABE,SALBUTAMOL SULFATO,Laboratorio Aldo Union S.L.,Laboratorio Aldo Union S.L.,807107,"0,0482 g",SOLUCIÓN/SUSPENSIÓN ORAL,315529200000,,VÍA ORAL,True,True,False,False,False,False,False,https://cima.aemps.es/cima/pdfs/ft/54578/FT_54578.pdf,,3,1
171,84562,ALDOPULMIN 50 MICROGRAMOS/500 MICROGRAMOS/INHALACION POLVO PARA INHALACION (UNIDOSIS),"SALMETEROL XINAFOATO, FLUTICASONA PROPIONATO",Laboratorio Aldo Union S.L.,Laboratorio Aldo Union S.L.,727088,50 µg/500 µg,INHALACIÓN PULMONAR,1571328449000,,VÍA INHALATORIA,False,True,False,False,False,False,False,https://cima.aemps.es/cima/pdfs/ft/84562/FT_84562.pdf,,3,2
172,70372,ALVESCO 160 microgramos/INHALACION SOLUCION PARA INHALACION EN ENVASE A PRESION,CICLESONIDA,Covis Pharma Europe B.V.,Zentiva Spain S.L.,763857,160 MCG,INHALACIÓN PULMONAR,1238364000000,,VÍA INHALATORIA,True,True,False,False,False,False,False,https://cima.aemps.es/cima/pdfs/ft/70372/FT_70372.pdf,,3,1
173,85851,"AMAIRA 50 MICROGRAMOS/100 MICROGRAMOS/INHALACION, POLVO PARA INHALACION (UNIDOSIS)","SALMETEROL XINAFOATO, FLUTICASONA PROPIONATO",Zentiva K.S.,Zentiva Spain S.L.,730593,50 microgramos /100 microgramos,INHALACIÓN PULMONAR,1615849200000,,VÍA INHALATORIA,True,True,False,False,False,False,False,https://cima.aemps.es/cima/pdfs/ft/85851/FT_85851.pdf,,3,2
174,85852,"AMAIRA 50 MICROGRAMOS/250 MICROGRAMOS/INHALACION, POLVO PARA INHALACION (UNIDOSIS)","SALMETEROL XINAFOATO, FLUTICASONA PROPIONATO",Zentiva K.S.,Zentiva Spain S.L.,730594,50 microgramos/250 microgramos,INHALACIÓN PULMONAR,1615849200000,,VÍA INHALATORIA,True,True,False,False,False,False,False,https://cima.aemps.es/cima/pdfs/ft/85852/FT_85852.pdf,,3,2
175,85853,"AMAIRA 50 MICROGRAMOS/500 MICROGRAMOS/INHALACION, POLVO PARA INHALACION (UNIDOSIS)","SALMETEROL XINAFOATO, FLUTICASONA PROPIONATO",Zentiva K.S.,Zentiva Spain S.L.,730595,50 microgramos/500 microgramos,INHALACIÓN PULMONAR,1615849200000,,VÍA INHALATORIA,True,True,False,False,False,False,False,https://cima.aemps.es/cima/pdfs/ft/85853/FT_85853.pdf,,3,2
176,90008,ASERIFLU 50 MICROGRAMOS/250 MICROGRAMOS/INHALACION POLVO PARA INHALACION (UNIDOSIS),"SALMETEROL XINAFOATO, FLUTICASONA PROPIONATO",Cipla Europe N.V.,Cipla Europe N.V.,766453,50 microgramos/250 microgramos/dosis,INHALACIÓN PULMONAR,1744187289000,,VÍA INHALATORIA,False,True,False,False,False,False,False,https://cima.aemps.es/cima/pdfs/ft/90008/FT_90008.pdf,,3,2
177,90009,ASERIFLU 50 MICROGRAMOS/500 MICROGRAMOS/INHALACION POLVO PARA INHALACION (UNIDOSIS),"SALMETEROL XINAFOATO, FLUTICASONA PROPIONATO",Cipla Europe N.V.,Cipla Europe N.V.,766454,50 microgramos/500 microgramos/dosis,INHALACIÓN PULMONAR,1744187299000,,VÍA INHALATORIA,False,True,False,False,False,False,False,https://cima.aemps.es/cima/pdfs/ft/90009/FT_90009.pdf,,3,2
178,1201439006,"ATECTURA BREEZHALER 125 microgramos/127,5 microgramos POLVO PARA INHALACION (CAPSULA DURA)","INDACATEROL ACETATO, MOMETASONA FUROATO",Novartis Europharm Limited,Laboratorios Menarini S.A.,728970,125 microgramos/127.5 microgramos,INHALACIÓN PULMONAR,1597010400000,,VÍA INHALATORIA,True,True,False,False,False,False,False,https://cima.aemps.es/cima/pdfs/ft/1201439006/FT_1201439006.pdf,,3,2
179,1201439010,ATECTURA BREEZHALER 125 microgramos/260 microgramos POLVO PARA INHALACION (CAPSULA DURA),"INDACATEROL ACETATO, MOMETASONA FUROATO",Novartis Europharm Limited,Laboratorios Menarini S.A.,728971,125/260 µg,INHALACIÓN PULMONAR,1597010400000,,VÍA INHALATORIA,True,True,False,False,False,False,False,https://cima.aemps.es/cima/pdfs/ft/1201439010/FT_1201439010.pdf,,3,2
180,1201439002,"ATECTURA BREEZHALER 125 microgramos/62,5 microgramos POLVO PARA INHALACION (CAPSULA DURA)","INDACATEROL ACETATO, MOMETASONA FUROATO",Novartis Europharm Limited,Laboratorios Menarini S.A.,728969,125 microgramos/62.5 microgramos,INHALACIÓN PULMONAR,1597010400000,,VÍA INHALATORIA,True,True,False,False,False,False,False,https://cima.aemps.es/cima/pdfs/ft/1201439002/FT_1201439002.pdf,,3,2
181,59896,BAMBEC 10 mg COMPRIMIDOS,BAMBUTEROL HIDROCLORURO,Laboratorio Lailan S.A.,Laboratorio Lailan S.A.,738559,10 mg bambuterol hidrocloruro,COMPRIMIDO,738885600000,1753108921000.0,VÍA ORAL,False,True,False,False,False,False,False,https://cima.aemps.es/cima/pdfs/ft/59896/FT_59896.pdf,,3,1
182,81684,BECLO-ASMA 100 MICROGRAMOS/PULSACION SOLUCION PARA INHALACION EN ENVASE A PRESION,BECLOMETASONA DIPROPIONATO,Laboratorio Aldo Union S.L.,Laboratorio Aldo Union S.L.,714479,100 microgramos/pulsación,INHALACIÓN PULMONAR,1485771012000,,VÍA INHALATORIA,True,True,False,False,False,False,False,https://cima.aemps.es/cima/pdfs/ft/81684/FT_81684.pdf,,3,1
183,81667,BECLO-ASMA 50 MICROGRAMOS/PULSACION SOLUCION PARA INHALACION EN ENVASE A PRESION,BECLOMETASONA DIPROPIONATO,Laboratorio Aldo Union S.L.,Laboratorio Aldo Union S.L.,714441,50 microgramos/pulsación,INHALACIÓN PULMONAR,1485353433000,,VÍA INHALATORIA,True,True,False,False,False,False,False,https://cima.aemps.es/cima/pdfs/ft/81667/FT_81667.pdf,,3,1
184,80594,"BETAMETASONA SONPHAR 0,5 MG/ML GOTAS ORALES EN SOLUCION EFG",BETAMETASONA,Laboratorios Sonphar S.L.,Laboratorios Ern S.A.,709795,"0,5 mg/ml",SOLUCION/SUSPENSION GOTAS ORALES,1453762800000,,VÍA ORAL,True,True,True,False,False,False,False,https://cima.aemps.es/cima/pdfs/ft/80594/FT_80594.pdf,,3,1
185,114921001,"BiResp Spiromax 160 microgramos / 4,5 microgramos polvo para inhalacion","BUDESONIDA, FORMOTEROL FUMARATO DIHIDRATO",Teva Pharma B.V.,Laboratorios Bial S.A.,723304,"160 microgramos / 4,5 microgramos",INHALACIÓN PULMONAR,1425023844000,,VÍA INHALATORIA,True,True,False,False,False,False,False,https://cima.aemps.es/cima/pdfs/ft/114921001/FT_114921001.pdf,,3,2
186,114921004,BiResp Spiromax 320 microgramos / 9 microgramos polvo para inhalacion,"BUDESONIDA, FORMOTEROL FUMARATO DIHIDRATO",Teva Pharma B.V.,Laboratorios Bial S.A.,723305,320 microgramos / 9 microgramos,INHALACIÓN PULMONAR,1425023840000,,VÍA INHALATORIA,True,True,False,False,False,False,False,https://cima.aemps.es/cima/pdfs/ft/114921004/FT_114921004.pdf,,3,2
187,90840,BLOCETTA 100 MICROGRAMOS/6 MICROGRAMOS/PULSACION SOLUCION PARA INHALACION EN ENVASE A PRESION,"BECLOMETASONA DIPROPIONATO, FORMOTEROL FUMARATO DIHIDRATO",Mabo Farma S.A.,Mabo Farma S.A.,769366,100 microgramos/6 microgramos/pulsación,INHALACIÓN PULMONAR,1764930249000,,VÍA INHALATORIA,False,True,False,False,False,False,False,https://cima.aemps.es/cima/pdfs/ft/90840/FT_90840.pdf,,3,2
188,90839,BLOCETTA 200 MICROGRAMOS/6 MICROGRAMOS/PULSACION SOLUCION PARA INHALACION EN ENVASE A PRESION,"BECLOMETASONA DIPROPIONATO, FORMOTEROL FUMARATO DIHIDRATO",Mabo Farma S.A.,Mabo Farma S.A.,769368,200 microgramos/6 microgramos/pulsación,INHALACIÓN PULMONAR,1764930248000,,VÍA INHALATORIA,False,True,False,False,False,False,False,https://cima.aemps.es/cima/pdfs/ft/90839/FT_90839.pdf,,3,2
189,86664,"BRAQUIX 25 MICROGRAMOS/125 MICROGRAMOS/INHALACION, SUSPENSION PARA INHALACION EN ENVASE A PRESION","SALMETEROL XINAFOATO, FLUTICASONA PROPIONATO",Mabo Farma S.A.,Mabo Farma S.A.,733081,25 microgramos/125 microgramos,INHALACIÓN PULMONAR,1647866338000,,VÍA INHALATORIA,False,True,False,False,False,False,False,https://cima.aemps.es/cima/pdfs/ft/86664/FT_86664.pdf,,3,2
190,86663,"BRAQUIX 25 MICROGRAMOS/250 MICROGRAMOS/INHALACION, SUSPENSION PARA INHALACION EN ENVASE A PRESION","SALMETEROL XINAFOATO, FLUTICASONA PROPIONATO",Mabo Farma S.A.,Mabo Farma S.A.,733080,25 microgramos/250 microgramos,INHALACIÓN PULMONAR,1647866339000,,VÍA INHALATORIA,False,True,False,False,False,False,False,https://cima.aemps.es/cima/pdfs/ft/86663/FT_86663.pdf,,3,2
191,86662,"BRAQUIX 25 MICROGRAMOS/50 MICROGRAMOS/INHALACION, SUSPENSION PARA INHALACION EN ENVASE A PRESION","SALMETEROL XINAFOATO, FLUTICASONA PROPIONATO",Mabo Farma S.A.,Mabo Farma S.A.,733079,25microgramos/50 microgramos,INHALACIÓN PULMONAR,1647866340000,,VÍA INHALATORIA,False,True,False,False,False,False,False,https://cima.aemps.es/cima/pdfs/ft/86662/FT_86662.pdf,,3,2
192,1211534001,"BROPAIR SPIROMAX 12,75 microgramos/100 microgramos POLVO PARA INHALACION","SALMETEROL XINAFOATO, FLUTICASONA PROPIONATO",Teva B.V.,Laboratorios Bial S.A.,731103,"12,75 microgramos/100 microgramos",INHALACIÓN PULMONAR,1624432457000,1755152641000.0,VÍA INHALATORIA,False,True,False,False,False,False,False,https://cima.aemps.es/cima/pdfs/ft/1211534001/FT_1211534001.pdf,,3,2
193,1211534003,"BROPAIR SPIROMAX 12,75 microgramos/202 microgramos POLVO PARA INHALACION","SALMETEROL XINAFOATO, FLUTICASONA PROPIONATO",Teva B.V.,Laboratorios Bial S.A.,731104,"12,75 microgramos/202 microgramos",INHALACIÓN PULMONAR,1624432453000,1755152641000.0,VÍA INHALATORIA,False,True,False,False,False,False,False,https://cima.aemps.es/cima/pdfs/ft/1211534003/FT_1211534003.pdf,,3,2
194,85219,"BUDENA 0,25 MG/ML SUSPENSION PARA INHALACION POR NEBULIZADOR",BUDESONIDA,Laboratorio Aldo Union S.L.,Laboratorio Aldo Union S.L.,728863,"0,25 mg/ml",INHALACIÓN PULMONAR,1593677904000,,VÍA INHALATORIA,True,True,False,False,False,False,False,https://cima.aemps.es/cima/pdfs/ft/85219/FT_85219.pdf,,3,1
195,85220,"BUDENA 0,5 MG/ML SUSPENSION PARA INHALACION POR NEBULIZADOR",BUDESONIDA,Laboratorio Aldo Union S.L.,Laboratorio Aldo Union S.L.,728864,"0,5 mg/ml",INHALACIÓN PULMONAR,1593677906000,,VÍA INHALATORIA,True,True,False,False,False,False,False,https://cima.aemps.es/cima/pdfs/ft/85220/FT_85220.pdf,,3,1
196,66670,BUDESONIDA EASYHALER 100 microgramos POLVO PARA INHALACION,BUDESONIDA,Orion Corporation,Orion Pharma S.L.,650966,100 mcg/dosis,INHALACIÓN PULMONAR,1111359600000,,VÍA INHALATORIA,True,True,True,False,False,False,False,https://cima.aemps.es/cima/pdfs/ft/66670/FT_66670.pdf,,3,1
197,66669,BUDESONIDA EASYHALER 200 mcg POLVO PARA INHALACION,BUDESONIDA,Orion Corporation,Orion Pharma S.L.,650965,200 mcg/dosis,INHALACIÓN PULMONAR,1113170400000,,VÍA INHALATORIA,True,True,True,False,False,False,False,https://cima.aemps.es/cima/pdfs/ft/66669/FT_66669.pdf,,3,1
198,66671,BUDESONIDA EASYHALER 400 microgramos POLVO PARA INHALACION,BUDESONIDA,Orion Corporation,Orion Pharma S.L.,650967,400 mcg/dosis,INHALACIÓN PULMONAR,1111359600000,,VÍA INHALATORIA,True,True,True,False,False,False,False,https://cima.aemps.es/cima/pdfs/ft/66671/FT_66671.pdf,,3,1
199,59036,BUDESONIDA PULMICTAN INFANTIL 50 microgramos/INHALACION SUSPENSION PARA INHALACION EN ENVASE A PRESION,BUDESONIDA,"Laboratorio Reig Jofre, S.A.","Laboratorio Reig Jofre, S.A.",656614,50 mcg budesonida/ 10 ml,INHALACIÓN PULMONAR,673048800000,,VÍA INHALATORIA,True,True,False,False,False,False,False,https://cima.aemps.es/cima/pdfs/ft/59036/FT_59036.pdf,,3,1
200,59035,BUDESONIDA PULMICTAN 200 microgramos/INHALACION SUSPENSION PARA INHALACION EN ENVASE A PRESION,BUDESONIDA,"Laboratorio Reig Jofre, S.A.","Laboratorio Reig Jofre, S.A.",656615,200 mcg budesonida/ 5 ml,INHALACIÓN PULMONAR,673048800000,,VÍA INHALATORIA,True,True,False,False,False,False,False,https://cima.aemps.es/cima/pdfs/ft/59035/FT_59035.pdf,,3,1
201,83517,"BUDESONIDA/FORMOTEROL CIPLA 160 MICROGRAMOS/4,5 MICROGRAMOS/INHALACION POLVO PARA INHALACION (UNIDOSIS)","BUDESONIDA, FORMOTEROL FUMARATO DIHIDRATO",Cipla Europe N.V.,Cipla Europe Nv Sucursal En Espana,723825,"160 MICROGRAMOS/4,5 MICROGRAMOS",INHALACIÓN PULMONAR,1539640800000,,VÍA INHALATORIA,True,True,False,False,False,False,False,https://cima.aemps.es/cima/pdfs/ft/83517/FT_83517.pdf,,3,2
202,85833,BUDESONIDA/FORMOTEROL CIPLA 320 MICROGRAMOS/9 MICROGRAMOS/INHALACION POLVO PARA INHALACION (UNIDOSIS),"BUDESONIDA, FORMOTEROL FUMARATO DIHIDRATO",Cipla Europe N.V.,Cipla Europe Nv Sucursal En Espana,730557,320 microgramos/9 microgramos/dosis,INHALACIÓN PULMONAR,1615330800000,,VÍA INHALATORIA,True,True,False,False,False,False,False,https://cima.aemps.es/cima/pdfs/ft/85833/FT_85833.pdf,,3,2
203,78807,BUFOMIX EASYHALER 160 MICROGRAMOS/4.5 MICROGRAMOS/INHALACION POLVO PARA INHALACION,"BUDESONIDA, FORMOTEROL FUMARATO DIHIDRATO",Orion Corporation,Orion Pharma S.L.,723300,160 microgramos/4.5 microgramos,INHALACIÓN PULMONAR,1401400800000,,VÍA INHALATORIA,True,True,False,False,False,False,False,https://cima.aemps.es/cima/pdfs/ft/78807/FT_78807.pdf,,3,2
204,78808,BUFOMIX EASYHALER 320 MICROGRAMOS//9 MICROGRAMOS/INHALACION POLVO PARA INHALACION,"BUDESONIDA, FORMOTEROL FUMARATO DIHIDRATO",Orion Corporation,Orion Pharma S.L.,723301,320 microgramos/9 microgramos,INHALACIÓN PULMONAR,1401400800000,,VÍA INHALATORIA,True,True,False,False,False,False,False,https://cima.aemps.es/cima/pdfs/ft/78808/FT_78808.pdf,,3,2
205,1161125001,CINQAERO 10 MG/ML CONCENTRADO PARA SOLUCION PARA PERFUSION,RESLIZUMAB,Teva B.V.,Teva Pharma S.L.U.,713269,100 mg inyectable 10 ml,INYECTABLE PERFUSION,1476978733000,,VÍA INTRAVENOSA,True,True,False,False,False,False,False,https://cima.aemps.es/cima/pdfs/ft/1161125001/FT_1161125001.pdf,,3,1
206,47863,"DACORTIN 2,5 mg COMPRIMIDOS",PREDNISONA,Laboratorios Ern S.A.,Laboratorios Ern S.A.,739276,"2,5 mg prednisona",COMPRIMIDO,-21171600000,,VÍA ORAL,True,True,False,False,False,False,False,https://cima.aemps.es/cima/pdfs/ft/47863/FT_47863.pdf,,3,1
207,57819,DACORTIN 30 mg COMPRIMIDOS,PREDNISONA,Laboratorios Ern S.A.,Laboratorios Ern S.A.,995233,30 mg prednisona,COMPRIMIDO,599612400000,,VÍA ORAL,True,True,False,False,False,False,False,https://cima.aemps.es/cima/pdfs/ft/57819/FT_57819.pdf,,3,1
208,24612,DACORTIN 5 mg COMPRIMIDOS,PREDNISONA,Laboratorios Ern S.A.,Laboratorios Ern S.A.,739284,5 mg prednisona,COMPRIMIDO,-449802000000,,VÍA ORAL,True,True,False,False,False,False,False,https://cima.aemps.es/cima/pdfs/ft/24612/FT_24612.pdf,,3,1
209,69633,DEFAL 30 MG COMPRIMIDOS EFG,DEFLAZACORT,Faes Farma S.A.,Faes Farma S.A.,660598,30 mg,COMPRIMIDO,1203634800000,,VÍA ORAL,True,True,True,False,False,False,False,https://cima.aemps.es/cima/pdfs/ft/69633/FT_69633.pdf,,3,1
210,69632,DEFAL 6 MG COMPRIMIDOS EFG,DEFLAZACORT,Faes Farma S.A.,Faes Farma S.A.,660596,6 mg,COMPRIMIDO,1203634800000,,VÍA ORAL,True,True,True,False,False,False,False,https://cima.aemps.es/cima/pdfs/ft/69632/FT_69632.pdf,,3,1
211,64812,DEFLAZACORT ALTER 30 mg COMPRIMIDOS EFG,DEFLAZACORT,Laboratorios Alter S.A.,Laboratorios Alter S.A.,653235,30 mg,COMPRIMIDO,1023055200000,1773145207000.0,VÍA ORAL,False,True,True,False,False,False,False,https://cima.aemps.es/cima/pdfs/ft/64812/FT_64812.pdf,,3,1
212,64813,DEFLAZACORT ALTER 6 mg COMPRIMIDOS EFG,DEFLAZACORT,Laboratorios Alter S.A.,Laboratorios Alter S.A.,653236,6 mg,COMPRIMIDO,1023055200000,1773145216000.0,VÍA ORAL,False,True,True,False,False,False,False,https://cima.aemps.es/cima/pdfs/ft/64813/FT_64813.pdf,,3,1
213,81739,DEFLAZACORT EFARMES 30 MG COMPRIMIDOS EFG,DEFLAZACORT,Lacer S.A.,Lacer S.A.,714901,30 mg,COMPRIMIDO,1487087351000,,VÍA ORAL,False,True,True,False,False,False,False,https://cima.aemps.es/cima/pdfs/ft/81739/FT_81739.pdf,,3,1
214,83464,DEFLAZACORT EFARMES 6 MG COMPRIMIDOS EFG,DEFLAZACORT,Lacer S.A.,Lacer S.A.,723703,6 mg,COMPRIMIDO,1538136370000,,VÍA ORAL,False,True,True,False,False,False,False,https://cima.aemps.es/cima/pdfs/ft/83464/FT_83464.pdf,,3,1
215,66993,DEFLAZACORT KERN PHARMA 30 mg COMPRIMIDOS EFG,DEFLAZACORT,Kern Pharma S.L.,Kern Pharma S.L.,664131,30 mg,COMPRIMIDO,1125871200000,1781170141000.0,VÍA ORAL,False,True,True,False,False,False,False,https://cima.aemps.es/cima/pdfs/ft/66993/FT_66993.pdf,,3,1
216,66992,DEFLAZACORT KERN PHARMA 6 mg COMPRIMIDOS EFG,DEFLAZACORT,Kern Pharma S.L.,Kern Pharma S.L.,664132,6 mg,COMPRIMIDO,1125871200000,1781170155000.0,VÍA ORAL,False,True,True,False,False,False,False,https://cima.aemps.es/cima/pdfs/ft/66992/FT_66992.pdf,,3,1
217,73882,DEFLAZACORT PENSA 30 MG COMPRIMIDOS EFG,DEFLAZACORT,Towa Pharmaceutical S.A.,Towa Pharmaceutical S.A.,679575,30 mg,COMPRIMIDO,1302645600000,,VÍA ORAL,False,True,True,False,False,False,False,https://cima.aemps.es/cima/pdfs/ft/73882/FT_73882.pdf,,3,1
218,73883,DEFLAZACORT PENSA 6 MG COMPRIMIDOS EFG,DEFLAZACORT,Towa Pharmaceutical S.A.,Towa Pharmaceutical S.A.,679576,6 mg,COMPRIMIDO,1302645600000,,VÍA ORAL,False,True,True,False,False,False,False,https://cima.aemps.es/cima/pdfs/ft/73883/FT_73883.pdf,,3,1
219,71890,DEFLAZACORT SUN 30 mg COMPRIMIDOS EFG,DEFLAZACORT,Sun Pharmaceutical Industries (Europe) B.V.,Sun Pharma Laboratorios S.L.,664793,30 mg,COMPRIMIDO,1266274800000,1725288087000.0,VÍA ORAL,False,True,True,False,False,False,False,https://cima.aemps.es/cima/pdfs/ft/71890/FT_71890.pdf,,3,1
220,81740,DEFLAZACORT SUN 6 MG COMPRIMIDOS EFG,DEFLAZACORT,Sun Pharmaceutical Industries (Europe) B.V.,Sun Pharma Laboratorios S.L.,714902,6 mg,COMPRIMIDO,1487087343000,1725288088000.0,VÍA ORAL,False,True,True,False,False,False,False,https://cima.aemps.es/cima/pdfs/ft/81740/FT_81740.pdf,,3,1
221,72321,DEFLAZACORT TARBIS 30 MG COMPRIMIDOS EFG,DEFLAZACORT,Tarbis Farma S.L.,Tarbis Farma S.L.,665360,30 mg,COMPRIMIDO,1274824800000,,VÍA ORAL,False,True,True,False,False,False,False,https://cima.aemps.es/cima/pdfs/ft/72321/FT_72321.pdf,,3,1
222,64708,DEFLAZACORT VIR 30 mg COMPRIMIDOS EFG,DEFLAZACORT,Industria Quimica Y Farmaceutica Vir S.A.,Industria Quimica Y Farmaceutica Vir S.A.,719559,30 mg,COMPRIMIDO,1019512800000,,VÍA ORAL,True,True,True,False,False,False,False,https://cima.aemps.es/cima/pdfs/ft/64708/FT_64708.pdf,,3,1
223,64709,DEFLAZACORT VIR 6 mg COMPRIMIDOS EFG,DEFLAZACORT,Industria Quimica Y Farmaceutica Vir S.A.,Industria Quimica Y Farmaceutica Vir S.A.,719682,6 mg,COMPRIMIDO,1019512800000,,VÍA ORAL,True,True,True,False,False,False,False,https://cima.aemps.es/cima/pdfs/ft/64709/FT_64709.pdf,,3,1
224,86124,DEXAMETASONA ABDRUG 4 MG COMPRIMIDOS,DEXAMETASONA,Mabo Farma S.A.,Mabo Farma S.A.,731436,4 mg,COMPRIMIDO,1627885056000,,VÍA ORAL,True,True,False,False,False,False,False,https://cima.aemps.es/cima/pdfs/ft/86124/FT_86124.pdf,,3,1
225,86123,DEXAMETASONA ABDRUG 8 MG COMPRIMIDOS,DEXAMETASONA,Mabo Farma S.A.,Mabo Farma S.A.,731435,8 mg,COMPRIMIDO,1627885052000,,VÍA ORAL,True,True,False,False,False,False,False,https://cima.aemps.es/cima/pdfs/ft/86123/FT_86123.pdf,,3,1
226,86438,DEXAMETASONA KALCEKS 4 MG/ML SOLUCION INYECTABLE Y PARA PERFUSION EFG,DEXAMETASONA FOSFATO SODIO,Kalceks As,Ever Pharma Therapeutics Spain S.L.,607517,4 mg/ml,INYECTABLE,1639041682000,,VÍA INTRAARTICULAR,True,True,True,False,False,False,False,https://cima.aemps.es/cima/pdfs/ft/86438/FT_86438.pdf,,3,1
227,67455,DEXAMETASONA KERN PHARMA 4 mg/ml SOLUCION INYECTABLE EFG,DEXAMETASONA FOSFATO SODIO,Kern Pharma S.L.,Kern Pharma S.L.,600447,Solución inyectable en ampolla de 1 ml,INYECTABLE,1137106800000,,VÍA INTRAARTICULAR,True,True,True,False,False,False,False,https://cima.aemps.es/cima/pdfs/ft/67455/FT_67455.pdf,,3,1
228,88798,DEXAMETASONA MEDOCHEMIE 4 MG/ML SOLUCION INYECTABLE Y PARA PERFUSION EFG,DEXAMETASONA FOSFATO SODIO,Medochemie Limited,Medochemie Iberia S.A. Sucursal En Espana,607672,4 mg/ml,INYECTABLE,1682409133000,,VÍA INTRAARTICULAR,True,True,True,False,False,False,False,https://cima.aemps.es/cima/pdfs/ft/88798/FT_88798.pdf,,3,1
229,90517,DEXAMETASONA ORBIT PHARMA 1 MG COMPRIMIDOS EFG,DEXAMETASONA,Orbit Pharma Limited,Orbit Pharma Limited,768317,1 MG,COMPRIMIDO,1756394528000,,VÍA ORAL,False,True,True,False,False,False,False,https://cima.aemps.es/cima/pdfs/ft/90517/FT_90517.pdf,,3,1
230,90518,DEXAMETASONA ORBIT PHARMA 4 MG COMPRIMIDOS EFG,DEXAMETASONA,Orbit Pharma Limited,Orbit Pharma Limited,768318,4 MG,COMPRIMIDO,1756394527000,,VÍA ORAL,False,True,True,False,False,False,False,https://cima.aemps.es/cima/pdfs/ft/90518/FT_90518.pdf,,3,1
231,81414,DEXAMETASONA TAD 4 MG COMPRIMIDOS,DEXAMETASONA,Tad Pharma Gmbh,Krka Farmaceutica S.L.,713555,4 mg,COMPRIMIDO,1479682800000,,VÍA ORAL,True,True,False,False,False,False,False,https://cima.aemps.es/cima/pdfs/ft/81414/FT_81414.pdf,,3,1
232,81415,DEXAMETASONA TAD 8 MG COMPRIMIDOS,DEXAMETASONA,Tad Pharma Gmbh,Krka Farmaceutica S.L.,713556,8 mg,COMPRIMIDO,1479682800000,,VÍA ORAL,True,True,False,False,False,False,False,https://cima.aemps.es/cima/pdfs/ft/81415/FT_81415.pdf,,3,1
233,61049,"DEZACOR 22,75 mg/ml GOTAS ORALES EN SUSPENSION",DEFLAZACORT,Faes Farma S.A.,Faes Farma S.A.,679977,"22,75 mg",SOLUCION/SUSPENSION GOTAS ORALES,846802800000,,VÍA ORAL,True,True,False,False,False,False,False,https://cima.aemps.es/cima/pdfs/ft/61049/FT_61049.pdf,,3,1
234,57816,DEZACOR 30 mg COMPRIMIDOS,DEFLAZACORT,Faes Farma S.A.,Faes Farma S.A.,980219,30 mg,COMPRIMIDO,636246000000,,VÍA ORAL,True,True,False,False,False,False,False,https://cima.aemps.es/cima/pdfs/ft/57816/FT_57816.pdf,,3,1
235,57817,DEZACOR 6 mg COMPRIMIDOS,DEFLAZACORT,Faes Farma S.A.,Faes Farma S.A.,980227,6 mg,COMPRIMIDO,636246000000,,VÍA ORAL,True,True,False,False,False,False,False,https://cima.aemps.es/cima/pdfs/ft/57817/FT_57817.pdf,,3,1
236,114920001,"DuoResp Spiromax 160 microgramos/4,5 microgramos polvo para inhalacion","BUDESONIDA, FORMOTEROL FUMARATO DIHIDRATO",Teva Pharma B.V.,Teva Pharma S.L.U.,723297,"160 microgramos / 4,5 microgramos",INHALACIÓN PULMONAR,1400665647000,,VÍA INHALATORIA,True,True,False,False,False,False,False,https://cima.aemps.es/cima/pdfs/ft/114920001/FT_114920001.pdf,,3,2
237,114920004,DuoResp Spiromax 320 microgramos/9 microgramos polvo para inhalacion,"BUDESONIDA, FORMOTEROL FUMARATO DIHIDRATO",Teva Pharma B.V.,Teva Pharma S.L.U.,723298,320 microgramos / 9 microgramos,INHALACIÓN PULMONAR,1400665641000,,VÍA INHALATORIA,True,True,False,False,False,False,False,https://cima.aemps.es/cima/pdfs/ft/114920004/FT_114920004.pdf,,3,2
238,1171229010,DUPIXENT 200 MG SOLUCION INYECTABLE EN JERINGA PRECARGADA,DUPILUMAB,Sanofi Winthrop Industrie,Sanofi Aventis S.A.,727309,200 mg,INYECTABLE,1575964415000,,VÍA SUBCUTÁNEA,True,True,False,False,False,False,False,https://cima.aemps.es/cima/pdfs/ft/1171229010/FT_1171229010.pdf,,3,1
239,1171229014,DUPIXENT 200 MG SOLUCION INYECTABLE EN PLUMA PRECARGADA,DUPILUMAB,Sanofi Winthrop Industrie,Sanofi Aventis S.A.,727310,200 mg,INYECTABLE,1575964410000,,VÍA SUBCUTÁNEA,True,True,False,False,False,False,False,https://cima.aemps.es/cima/pdfs/ft/1171229014/FT_1171229014.pdf,,3,1
240,1171229006,DUPIXENT 300 MG SOLUCION INYECTABLE EN JERINGA PRECARGADA,DUPILUMAB,Sanofi Winthrop Industrie,Sanofi Aventis S.A.,718735,300 mg,INYECTABLE,1508491560000,,VÍA SUBCUTÁNEA,True,True,False,False,False,False,False,https://cima.aemps.es/cima/pdfs/ft/1171229006/FT_1171229006.pdf,,3,1
241,1171229018,DUPIXENT 300 MG SOLUCION INYECTABLE EN PLUMA PRECARGADA,DUPILUMAB,Sanofi Winthrop Industrie,Sanofi Aventis S.A.,727471,300 mg,INYECTABLE,1575964423000,,VÍA SUBCUTÁNEA,True,True,False,False,False,False,False,https://cima.aemps.es/cima/pdfs/ft/1171229018/FT_1171229018.pdf,,3,1
242,15544,EFEDRINA LEVEL 50 MG COMPRIMIDOS,EFEDRINA HIDROCLORURO,Laboratorios Ern S.A.,Laboratorios Ern S.A.,749622,-,COMPRIMIDO,-1157241600000,,VÍA ORAL,True,True,False,False,False,False,False,https://cima.aemps.es/cima/pdfs/ft/15544/FT_15544.pdf,,3,1
243,45303,"ELIXIFILIN 5,33 MG/ML SOLUCION ORAL",TEOFILINA ANHIDRA,Tora Laboratories S.L.U.,Tora Laboratories S.L.U.,654651,"5,33 mg teofilina anhidra",SOLUCIÓN/SUSPENSIÓN ORAL,-65840400000,,VÍA ORAL,True,True,False,True,False,False,False,https://cima.aemps.es/cima/pdfs/ft/45303/FT_45303.pdf,,3,1
244,1201438002,ENERZAIR BREEZHALER 114 MICROGRAMOS/46 MICROGRAMOS/136 MICROGRAMOS POLVO PARA INHALACION (CAPSULA DURA),"INDACATEROL ACETATO, GLICOPIRRONIO BROMURO, MOMETASONA FUROATO",Novartis Europharm Limited,Laboratorios Menarini S.A.,728965,114 microgramos/46 microgramos/136 microgramos,INHALACIÓN PULMONAR,1597010400000,,VÍA INHALATORIA,True,True,False,False,False,False,False,https://cima.aemps.es/cima/pdfs/ft/1201438002/FT_1201438002.pdf,,3,3
245,47546,ESTILSONA 7 mg/ml GOTAS ORALES EN SUSPENSIÓN,PREDNISOLONA ESTEAGLATO,Laboratorios Sonphar S.L.,Laboratorios Ern S.A.,653619,"13,3 mg prednisolona esteaglato/ ml",SOLUCION/SUSPENSION GOTAS ORALES,-26442000000,,VÍA ORAL,True,True,False,False,False,False,False,https://cima.aemps.es/cima/pdfs/ft/47546/FT_47546.pdf,,3,1
246,1891,EUFILINA VENOSA 200 mg SOLUCIÓN INYECTABLE,TEOFILINA ANHIDRA,Zr Pharma & Gmbh,Laboratorios Farmaceuticos Rovi S.A.,824680,200 mg teofilina,INYECTABLE,-1512086400000,1727263333000.0,VÍA INTRAVENOSA,False,True,False,False,False,False,False,https://cima.aemps.es/cima/pdfs/ft/1891/FT_1891.pdf,,3,1
247,1252007002,EXDENSUR 100 MG SOLUCION INYECTABLE EN JERINGA PRECARGADA,DEPEMOKIMAB,Glaxosmithkline Trading Services Limited,Glaxosmithkline S.A.,769956,100 mg,INYECTABLE,1771426027000,,VÍA SUBCUTÁNEA,False,True,False,False,True,False,False,https://cima.aemps.es/cima/pdfs/ft/1252007002/FT_1252007002.pdf,,3,1
248,60478,"FLIXOTIDE 125 MICROGRAMOS/INHALACION, SUSPENSIÓN PARA INHALACIÓN EN ENVASE A PRESIÓN",FLUTICASONA PROPIONATO,Glaxosmithkline S.A.,Glaxosmithkline S.A.,689760,125 mcg fluticasona propionato,INHALACIÓN PULMONAR,1036969200000,,VÍA INHALATORIA,False,True,False,False,False,False,False,https://cima.aemps.es/cima/pdfs/ft/60478/FT_60478.pdf,,3,1
249,83644,FLUSAMIX EASYHALER 50 MICROGRAMOS/500 MICROGRAMOS/INHALACION POLVO PARA INHALACION,"SALMETEROL XINAFOATO, FLUTICASONA PROPIONATO",Orion Corporation,Orion Pharma S.L.,724210,50 microgramos/500 microgramos,INHALACIÓN PULMONAR,1543532400000,,VÍA INHALATORIA,True,True,False,False,False,False,False,https://cima.aemps.es/cima/pdfs/ft/83644/FT_83644.pdf,,3,2
250,84405,"FLUTICASONA ALDO-UNION 0,25 MG/ML SUSPENSION PARA INHALACION POR NEBULIZADOR",FLUTICASONA PROPIONATO,Laboratorio Aldo Union S.L.,Laboratorio Aldo Union S.L.,726516,"0,25 mg/ml",INHALACIÓN PULMONAR,1564670452000,,VÍA INHALATORIA,True,True,False,False,False,False,False,https://cima.aemps.es/cima/pdfs/ft/84405/FT_84405.pdf,,3,1
251,84406,FLUTICASONA ALDO-UNION 1 MG/ML SUSPENSION PARA INHALACION POR NEBULIZADOR,FLUTICASONA PROPIONATO,Laboratorio Aldo Union S.L.,Laboratorio Aldo Union S.L.,726517,1 mg/ml,INHALACIÓN PULMONAR,1564610400000,,VÍA INHALATORIA,True,True,False,False,False,False,False,https://cima.aemps.es/cima/pdfs/ft/84406/FT_84406.pdf,,3,1
252,68063,"FORMATRIS NOVOLIZER 12 microgramos/DOSIS, POLVO PARA INHALACION",FORMOTEROL FUMARATO DIHIDRATO,Viatris Healthcare Limited,Viatris Pharmaceuticals S.L.,656121,12 microgramos,INHALACIÓN PULMONAR,1160431200000,,VÍA INHALATORIA,True,True,False,False,False,False,False,https://cima.aemps.es/cima/pdfs/ft/68063/FT_68063.pdf,,3,1
253,85262,FORMODUAL NEXTHALER 200 MICROGRAMOS/12 MICROGRAMOS/INHALACION POLVO PARA INHALACION,"BECLOMETASONA DIPROPIONATO, FORMOTEROL FUMARATO DIHIDRATO",Chiesi España S.A.U.,Chiesi España S.A.U.,728959,200 microgramos/12 microgramos/dosis,INHALACIÓN PULMONAR,1594986159000,1715341386000.0,VÍA INHALATORIA,False,True,False,False,False,False,False,https://cima.aemps.es/cima/pdfs/ft/85262/FT_85262.pdf,,3,2
254,66558,FORMOTEROL ALDO-UNION 12 MICROGRAMOS POLVO PARA INHALACION (CAPSULAS DURAS),FORMOTEROL FUMARATO DIHIDRATO,Laboratorio Aldo Union S.L.,Laboratorio Aldo Union S.L.,650654,12 MCG,INHALACIÓN PULMONAR,1106866800000,,VÍA INHALATORIA,True,True,True,False,False,False,False,https://cima.aemps.es/cima/pdfs/ft/66558/FT_66558.pdf,,3,1
255,32224,FORTECORTIN 1 mg COMPRIMIDOS,DEXAMETASONA,Laboratorios Ern S.A.,Laboratorios Ern S.A.,654767,1 mg,COMPRIMIDO,-331520400000,,VÍA ORAL,True,True,False,False,False,False,False,https://cima.aemps.es/cima/pdfs/ft/32224/FT_32224.pdf,,3,1
256,70032,FORTECORTIN 4 mg COMPRIMIDOS,DEXAMETASONA,Laboratorios Ern S.A.,Laboratorios Ern S.A.,661408,4 mg,COMPRIMIDO,1222034400000,,VÍA ORAL,True,True,False,False,False,False,False,https://cima.aemps.es/cima/pdfs/ft/70032/FT_70032.pdf,,3,1
257,36225,FORTECORTIN 4 mg/ml SOLUCION INYECTABLE,DEXAMETASONA FOSFATO SODIO,Laboratorios Ern S.A.,Laboratorios Ern S.A.,615310,4 mg dexametasona,INYECTABLE,-270954000000,,VÍA INTRAARTICULAR,True,True,False,False,False,False,False,https://cima.aemps.es/cima/pdfs/ft/36225/FT_36225.pdf,,3,1
258,57036,FORTECORTIN 40 mg/5ml SOLUCIÓN INYECTABLE,DEXAMETASONA FOSFATO SODIO,Laboratorios Ern S.A.,Laboratorios Ern S.A.,615567,40 mg dexametasona fosfato /5 ml,INYECTABLE,536454000000,,VÍA INTRAMUSCULAR,True,True,False,False,False,False,False,https://cima.aemps.es/cima/pdfs/ft/57036/FT_57036.pdf,,3,1
259,70078,FORTECORTIN 8 mg COMPRIMIDOS,DEXAMETASONA,Laboratorios Ern S.A.,Laboratorios Ern S.A.,661502,8 mg,COMPRIMIDO,1222034400000,,VÍA ORAL,True,True,False,False,False,False,False,https://cima.aemps.es/cima/pdfs/ft/70078/FT_70078.pdf,,3,1
260,85264,FOSTER NEXTHALER 200 MICROGRAMOS/12 MICROGRAMOS/INHALACION POLVO PARA INHALACION,"BECLOMETASONA DIPROPIONATO, FORMOTEROL FUMARATO DIHIDRATO",Chiesi España S.A.U.,Chiesi España S.A.U.,728963,200 microgramos/12 microgramos,INHALACIÓN PULMONAR,1594894673000,1715341387000.0,VÍA INHALATORIA,False,True,False,False,False,False,False,https://cima.aemps.es/cima/pdfs/ft/85264/FT_85264.pdf,,3,2
261,88465,HIDROCORTISONA PHARMIS 100 MG POLVO Y DISOLVENTE PARA SOLUCIÓN INYECTABLE Y PERFUSIÓN EFG,HIDROCORTISONA SUCCINATO SODIO,Pharmis Biofarmaceutica Lda.,Pharmis Biofarmaceutica S.L.,607609,100/2 mg/ml,INYECTABLE,1672235949000,,VÍA INTRAMUSCULAR,True,True,True,False,False,False,False,https://cima.aemps.es/cima/pdfs/ft/88465/FT_88465.pdf,,3,1
262,79477,ICSORI 125 MICROGRAMOS/INHALACION SUSPENSION PARA INHALACION EN ENVASE A PRESION,FLUTICASONA PROPIONATO,Cipla Europe,Cipla Europe Nv Sucursal En Espana,705031,125 microgramos,INHALACIÓN PULMONAR,1426114800000,,VÍA INHALATORIA,True,True,False,False,False,False,False,https://cima.aemps.es/cima/pdfs/ft/79477/FT_79477.pdf,,3,1
263,79478,ICSORI 250 MICROGRAMOS/INHALACION SUSPENSION PARA INHALACION EN ENVASE A PRESION,FLUTICASONA PROPIONATO,Cipla Europe,Cipla Europe Nv Sucursal En Espana,705033,250 microgramos,INHALACIÓN PULMONAR,1426114800000,,VÍA INHALATORIA,True,True,False,False,False,False,False,https://cima.aemps.es/cima/pdfs/ft/79478/FT_79478.pdf,,3,1
264,89079,INANTOL 25 MICROGRAMOS/125 MICROGRAMOS SUSPENSION PARA INHALACION EN ENVASE A PRESION,"SALMETEROL XINAFOATO, FLUTICASONA PROPIONATO",Viatris Pharmaceuticals S.L.U.,Viatris Pharmaceuticals S.L.U.,763543,25 microgramos/125 microgramos/dose,INHALACIÓN PULMONAR,1696403757000,,VÍA INHALATORIA,False,True,False,False,False,False,False,https://cima.aemps.es/cima/pdfs/ft/89079/FT_89079.pdf,,3,2
265,89080,INANTOL 25 MICROGRAMOS/250 MICROGRAMOS SUSPENSION PARA INHALACION EN ENVASE A PRESION,"SALMETEROL XINAFOATO, FLUTICASONA PROPIONATO",Viatris Pharmaceuticals S.L.U.,Viatris Pharmaceuticals S.L.U.,763544,25 microgramos/250 microgramos/dose,INHALACIÓN PULMONAR,1696403750000,,VÍA INHALATORIA,False,True,False,False,False,False,False,https://cima.aemps.es/cima/pdfs/ft/89080/FT_89080.pdf,,3,2
266,85847,"INHALOK AIRMASTER 50 MICROGRAMOS/250 MICROGRAMOS/INHALACION, POLVO PARA INHALACION (UNIDOSIS)","SALMETEROL XINAFOATO, FLUTICASONA PROPIONATO",Kern Pharma S.L.,Kern Pharma S.L.,730581,50 MICROGRAMOS/250 MICROGRAMOS,INHALACIÓN PULMONAR,1619177011000,,VÍA INHALATORIA,True,True,False,False,False,False,False,https://cima.aemps.es/cima/pdfs/ft/85847/FT_85847.pdf,,3,2
267,85848,"INHALOK AIRMASTER 50 MICROGRAMOS/500 MICROGRAMOS/INHALACION, POLVO PARA INHALACION (UNIDOSIS)","SALMETEROL XINAFOATO, FLUTICASONA PROPIONATO",Kern Pharma S.L.,Kern Pharma S.L.,730585,50 MICROGRAMOS/500 MICROGRAMOS,INHALACIÓN PULMONAR,1619177008000,,VÍA INHALATORIA,True,True,False,False,False,False,False,https://cima.aemps.es/cima/pdfs/ft/85848/FT_85848.pdf,,3,2
268,88525,LUFORBEC 100 MICROGRAMOS/6 MICROGRAMOS/PULSACIÓN SOLUCIÓN PARA INHALACIÓN EN ENVASE A PRESIÓN,"BECLOMETASONA DIPROPIONATO, FORMOTEROL FUMARATO DIHIDRATO",Laboratorios Ern S.A.,Laboratorios Ern S.A.,761741,100 microgramos/6 microgramos/pulsación,INHALACIÓN PULMONAR,1682409122000,,VÍA INHALATORIA,True,True,False,False,False,False,False,https://cima.aemps.es/cima/pdfs/ft/88525/FT_88525.pdf,,3,2
269,89232,METILPREDNISOLONA ORION 16 MG COMPRIMIDOS EFG,METILPREDNISOLONA,Orion Corporation,Orion Pharma S.L.,764010,16 mg,COMPRIMIDO,1704813431000,,VÍA ORAL,False,True,True,False,False,False,False,https://cima.aemps.es/cima/pdfs/ft/89232/FT_89232.pdf,,3,1
270,89233,METILPREDNISOLONA ORION 4 MG COMPRIMIDOS EFG,METILPREDNISOLONA,Orion Corporation,Orion Pharma S.L.,764011,4 mg,COMPRIMIDO,1704813438000,,VÍA ORAL,False,True,True,False,False,False,False,https://cima.aemps.es/cima/pdfs/ft/89233/FT_89233.pdf,,3,1
271,72932,MONKASTA 10 mg COMPRIMIDOS RECUBIERTOS CON PELICULA EFG,MONTELUKAST SODICO,Krka D.D. Novo Mesto,Krka Farmaceutica S.L.,675808,10 mg,COMPRIMIDO,1329174000000,,VÍA ORAL,True,True,True,False,False,False,False,https://cima.aemps.es/cima/pdfs/ft/72932/FT_72932.pdf,,3,1
272,72930,MONKASTA 4 mg COMPRIMIDOS MASTICABLES EFG,MONTELUKAST SODICO,Krka D.D. Novo Mesto,Krka Farmaceutica S.L.,675774,4 mg,COMPRIMIDO MASTICABLE,1329174000000,,VÍA ORAL,True,True,True,False,False,False,False,https://cima.aemps.es/cima/pdfs/ft/72930/FT_72930.pdf,,3,1
273,72931,MONKASTA 5 mg COMPRIMIDOS MASTICABLES EFG,MONTELUKAST SODICO,Krka D.D. Novo Mesto,Krka Farmaceutica S.L.,675794,5 mg,COMPRIMIDO MASTICABLE,1329174000000,,VÍA ORAL,True,True,True,False,False,False,False,https://cima.aemps.es/cima/pdfs/ft/72931/FT_72931.pdf,,3,1
274,75574,MONTELUKAST ACCORD 10 mg COMPRIMIDOS RECUBIERTOS CON PELICULA EFG,MONTELUKAST SODICO,Accord Healthcare S.L.U.,Accord Healthcare S.L.U.,688286,10 mg,COMPRIMIDO,1330642800000,,VÍA ORAL,False,True,True,False,False,False,False,https://cima.aemps.es/cima/pdfs/ft/75574/FT_75574.pdf,,3,1
275,74719,MONTELUKAST ACCORD 4 mg COMPRIMIDOS MASTICABLES EFG,MONTELUKAST SODICO,Accord Healthcare S.L.U.,Accord Healthcare S.L.U.,684117,4 mg,COMPRIMIDO MASTICABLE,1318197600000,1758537243000.0,VÍA ORAL,False,True,True,False,False,False,False,https://cima.aemps.es/cima/pdfs/ft/74719/FT_74719.pdf,,3,1
276,74720,MONTELUKAST ACCORD 5 mg COMPRIMIDOS MASTICABLES EFG,MONTELUKAST SODICO,Accord Healthcare S.L.U.,Accord Healthcare S.L.U.,684131,5 mg,COMPRIMIDO MASTICABLE,1318197600000,1756892103000.0,VÍA ORAL,False,True,True,False,False,False,False,https://cima.aemps.es/cima/pdfs/ft/74720/FT_74720.pdf,,3,1
277,74098,MONTELUKAST ALMUS 10 mg COMPRIMIDOS RECUBIERTOS CON PELICULA EFG,MONTELUKAST SODICO,Almus Farmaceutica S.A.U.,Almus Farmaceutica S.A.U.,680763,10 mg,COMPRIMIDO,1306101600000,,VÍA ORAL,True,True,True,False,False,False,False,https://cima.aemps.es/cima/pdfs/ft/74098/FT_74098.pdf,,3,1
278,70236,MONTELUKAST ALTER 10 mg COMPRIMIDOS RECUBIERTOS CON PELICULA EFG,MONTELUKAST SODICO,Laboratorios Alter S.A.,Laboratorios Alter S.A.,661860,10 mg,COMPRIMIDO,1226271600000,,VÍA ORAL,True,True,True,False,False,False,False,https://cima.aemps.es/cima/pdfs/ft/70236/FT_70236.pdf,,3,1
279,71424,MONTELUKAST ALTER 4 mg COMPRIMIDOS MASTICABLES EFG,MONTELUKAST SODICO,Laboratorios Alter S.A.,Laboratorios Alter S.A.,664007,4 mg,COMPRIMIDO MASTICABLE,1254261600000,,VÍA ORAL,True,True,True,False,False,False,False,https://cima.aemps.es/cima/pdfs/ft/71424/FT_71424.pdf,,3,1
280,71422,MONTELUKAST ALTER 5 mg COMPRIMIDOS MASTICABLES EFG,MONTELUKAST SODICO,Laboratorios Alter S.A.,Laboratorios Alter S.A.,664006,5 mg,COMPRIMIDO MASTICABLE,1254261600000,,VÍA ORAL,True,True,True,False,False,False,False,https://cima.aemps.es/cima/pdfs/ft/71422/FT_71422.pdf,,3,1
281,70901,MONTELUKAST APOTEX AG 10 mg COMPRIMIDOS RECUBIERTOS CON PELICULA EFG,MONTELUKAST SODICO,Apotex Europe B.V.,"Aurovitas Spain, S.A.U.",662872,10 mg,COMPRIMIDO,1241560800000,1637925048000.0,VÍA ORAL,False,True,True,False,False,False,False,https://cima.aemps.es/cima/pdfs/ft/70901/FT_70901.pdf,,3,1
282,74107,MONTELUKAST ASTHMAPHARMA 10 mg COMPRIMIDOS RECUBIERTOS CON PELICULA EFG,MONTELUKAST SODICO,Farmalider S.A.,Farmalider S.A.,680781,10 mg,COMPRIMIDO,1306188000000,,VÍA ORAL,True,True,True,False,False,False,False,https://cima.aemps.es/cima/pdfs/ft/74107/FT_74107.pdf,,3,1
283,74106,MONTELUKAST ASTHMAPHARMA 4 mg COMPRIMIDOS MASTICABLES EFG,MONTELUKAST SODICO,Farmalider S.A.,Farmalider S.A.,680779,4 mg,COMPRIMIDO MASTICABLE,1306188000000,,VÍA ORAL,True,True,True,False,False,False,False,https://cima.aemps.es/cima/pdfs/ft/74106/FT_74106.pdf,,3,1
284,74108,MONTELUKAST ASTHMAPHARMA 5 mg COMPRIMIDOS MASTICABLES EFG,MONTELUKAST SODICO,Farmalider S.A.,Farmalider S.A.,680783,5 mg,COMPRIMIDO MASTICABLE,1306188000000,,VÍA ORAL,True,True,True,False,False,False,False,https://cima.aemps.es/cima/pdfs/ft/74108/FT_74108.pdf,,3,1
285,79931,MONTELUKAST AUROVITAS PHARMA 4 MG GRANULADO EFG,MONTELUKAST SODICO,"Aurovitas Spain, S.A.U.","Aurovitas Spain, S.A.U.",706756,4 mg,SOLUCIÓN/SUSPENSIÓN ORAL,1434060000000,1653922769000.0,VÍA ORAL,False,True,True,False,False,False,False,https://cima.aemps.es/cima/pdfs/ft/79931/FT_79931.pdf,,3,1
286,72885,MONTELUKAST AUROVITAS SPAIN 10 mg COMPRIMIDOS RECUBIERTOS CON PELICULA EFG,MONTELUKAST SODICO,"Aurovitas Spain, S.A.U.","Aurovitas Spain, S.A.U.",672679,10 mg,COMPRIMIDO,1287439200000,1635258492000.0,VÍA ORAL,False,True,True,False,False,False,False,https://cima.aemps.es/cima/pdfs/ft/72885/FT_72885.pdf,,3,1
287,75475,MONTELUKAST AUROVITAS SPAIN 4 mg GRANULADO EFG,MONTELUKAST SODICO,"Aurovitas Spain, S.A.U.","Aurovitas Spain, S.A.U.",687893,4 mg,SOLUCIÓN/SUSPENSIÓN ORAL,1329346800000,,VÍA ORAL,True,True,True,False,False,False,False,https://cima.aemps.es/cima/pdfs/ft/75475/FT_75475.pdf,,3,1
288,76046,MONTELUKAST AUROVITAS 10 MG COMPRIMIDOS RECUBIERTOS CON PELICULA EFG,MONTELUKAST SODICO,"Aurovitas Spain, S.A.U.","Aurovitas Spain, S.A.U.",691301,10 mg,COMPRIMIDO,1355180400000,,VÍA ORAL,True,True,True,False,False,False,False,https://cima.aemps.es/cima/pdfs/ft/76046/FT_76046.pdf,,3,1
289,76065,MONTELUKAST AUROVITAS 4 MG COMPRIMIDOS MASTICABLES EFG,MONTELUKAST SODICO,"Aurovitas Spain, S.A.U.","Aurovitas Spain, S.A.U.",691385,4 mg,COMPRIMIDO MASTICABLE,1355180400000,,VÍA ORAL,True,True,True,False,False,False,False,https://cima.aemps.es/cima/pdfs/ft/76065/FT_76065.pdf,,3,1
290,76066,MONTELUKAST AUROVITAS 5 MG COMPRIMIDOS MASTICABLES EFG,MONTELUKAST SODICO,"Aurovitas Spain, S.A.U.","Aurovitas Spain, S.A.U.",691407,5 mg,COMPRIMIDO MASTICABLE,1355180400000,,VÍA ORAL,True,True,True,False,False,False,False,https://cima.aemps.es/cima/pdfs/ft/76066/FT_76066.pdf,,3,1
291,75786,MONTELUKAST COMBIX 10 mg COMPRIMIDOS RECUBIERTOS CON PELICULA EFG,MONTELUKAST,Laboratorios Combix S.L.U.,Laboratorios Combix S.L.U.,689269,10 mg,COMPRIMIDO,1334599007000,,VÍA ORAL,True,True,True,False,False,False,False,https://cima.aemps.es/cima/pdfs/ft/75786/FT_75786.pdf,,3,1
292,73921,MONTELUKAST COMBIX 5 mg COMPRIMIDOS MASTICABLES EFG,MONTELUKAST SODICO,Laboratorios Combix S.L.U.,Laboratorios Combix S.L.U.,679729,5 mg,COMPRIMIDO MASTICABLE,1303164000000,,VÍA ORAL,True,True,True,False,False,False,False,https://cima.aemps.es/cima/pdfs/ft/73921/FT_73921.pdf,,3,1
293,73079,MONTELUKAST KERN PHARMA 10 mg COMPRIMIDOS RECUBIERTOS CON PELICULA EFG,MONTELUKAST SODICO,Kern Pharma S.L.,Kern Pharma S.L.,672791,10 mg,COMPRIMIDO,1290553200000,,VÍA ORAL,True,True,True,False,False,False,False,https://cima.aemps.es/cima/pdfs/ft/73079/FT_73079.pdf,,3,1
294,73077,MONTELUKAST KERN PHARMA 4 mg COMPRIMIDOS MASTICABLES EFG,MONTELUKAST SODICO,Kern Pharma S.L.,Kern Pharma S.L.,672779,4 mg,COMPRIMIDO MASTICABLE,1290553200000,,VÍA ORAL,True,True,True,False,False,False,False,https://cima.aemps.es/cima/pdfs/ft/73077/FT_73077.pdf,,3,1
295,73078,MONTELUKAST KERN PHARMA 5 mg COMPRIMIDOS MASTICABLES EFG,MONTELUKAST SODICO,Kern Pharma S.L.,Kern Pharma S.L.,672789,5 mg,COMPRIMIDO MASTICABLE,1290553200000,,VÍA ORAL,True,True,True,False,False,False,False,https://cima.aemps.es/cima/pdfs/ft/73078/FT_73078.pdf,,3,1
296,76071,MONTELUKAST MABO 10 mg COMPRIMIDOS RECUBIERTOS CON PELICULA EFG,MONTELUKAST SODICO,Mabo Farma S.A.,Mabo Farma S.A.,691440,10 mg,COMPRIMIDO,1339742568000,,VÍA ORAL,True,True,True,False,False,False,False,https://cima.aemps.es/cima/pdfs/ft/76071/FT_76071.pdf,,3,1
297,76070,MONTELUKAST MABO 4 mg COMPRIMIDOS MASTICABLES EFG,MONTELUKAST SODICO,Mabo Farma S.A.,Mabo Farma S.A.,691439,4 mg,COMPRIMIDO MASTICABLE,1339742568000,1700666159000.0,VÍA ORAL,False,True,True,False,False,False,False,https://cima.aemps.es/cima/pdfs/ft/76070/FT_76070.pdf,,3,1
298,76072,MONTELUKAST MABO 5 mg COMPRIMIDOS MASTICABLES EFG,MONTELUKAST SODICO,Mabo Farma S.A.,Mabo Farma S.A.,691441,5 mg,COMPRIMIDO MASTICABLE,1339742567000,1701334845000.0,VÍA ORAL,False,True,True,False,False,False,False,https://cima.aemps.es/cima/pdfs/ft/76072/FT_76072.pdf,,3,1
299,74233,MONTELUKAST NORMON 4 mg COMPRIMIDOS MASTICABLES EFG,MONTELUKAST SODICO,Laboratorios Normon S.A.,Laboratorios Normon S.A.,681207,4 mg,COMPRIMIDO MASTICABLE,1307916000000,,VÍA ORAL,True,True,True,False,False,False,False,https://cima.aemps.es/cima/pdfs/ft/74233/FT_74233.pdf,https://cima.aemps.es/cima/fotos/thumbnails/formafarmac/74233/74233_formafarmac.jpg,3,1
300,89841,MONTELUKAST OPKO 10 MG COMPRIMIDOS EFG,MONTELUKAST SODICO,Opko Health Spain S.L.U.,Opko Health Spain S.L.U.,765857,10 mg,COMPRIMIDO,1727697241000,,VÍA ORAL,False,True,True,False,False,False,False,https://cima.aemps.es/cima/pdfs/ft/89841/FT_89841.pdf,,3,1
301,78001,MONTELUKAST PENSA 10 MG COMPRIMIDOS RECUBIERTOS CON PELICULA EFG,MONTELUKAST SODICO,Towa Pharmaceutical S.A.,Towa Pharmaceutical S.A.,699726,10 mg,COMPRIMIDO,1380578400000,,VÍA ORAL,True,True,True,False,False,False,False,https://cima.aemps.es/cima/pdfs/ft/78001/FT_78001.pdf,,3,1
302,78002,MONTELUKAST PENSA 4 MG COMPRIMIDOS MASTICABLES EFG,MONTELUKAST SODICO,Towa Pharmaceutical S.A.,Towa Pharmaceutical S.A.,699730,4 mg,COMPRIMIDO MASTICABLE,1380578400000,,VÍA ORAL,True,True,True,False,False,False,False,https://cima.aemps.es/cima/pdfs/ft/78002/FT_78002.pdf,,3,1
303,78003,MONTELUKAST PENSA 5 MG COMPRIMIDOS MASTICABLES EFG,MONTELUKAST SODICO,Towa Pharmaceutical S.A.,Towa Pharmaceutical S.A.,699733,5 mg,COMPRIMIDO MASTICABLE,1380578400000,,VÍA ORAL,True,True,True,False,False,False,False,https://cima.aemps.es/cima/pdfs/ft/78003/FT_78003.pdf,,3,1
304,70899,MONTELUKAST QUALIGEN 10 mg COMPRIMIDOS RECUBIERTOS CON PELICULA EFG,MONTELUKAST SODICO,Neuraxpharm Spain S.L.U.,Neuraxpharm Spain S.L.U.,662870,10 mg,COMPRIMIDO,1241560800000,,VÍA ORAL,True,True,True,False,False,False,False,https://cima.aemps.es/cima/pdfs/ft/70899/FT_70899.pdf,,3,1
305,71403,MONTELUKAST QUALIGEN 4 mg COMPRIMIDOS MASTICABLES EFG,MONTELUKAST SODICO,Neuraxpharm Spain S.L.U.,Neuraxpharm Spain S.L.U.,663974,4 mg,COMPRIMIDO MASTICABLE,1254088800000,,VÍA ORAL,True,True,True,False,False,False,False,https://cima.aemps.es/cima/pdfs/ft/71403/FT_71403.pdf,,3,1
306,71407,MONTELUKAST QUALIGEN 5 mg COMPRIMIDOS MASTICABLES EFG,MONTELUKAST SODICO,Neuraxpharm Spain S.L.U.,Neuraxpharm Spain S.L.U.,663986,5 mg,COMPRIMIDO MASTICABLE,1254175200000,,VÍA ORAL,True,True,True,False,False,False,False,https://cima.aemps.es/cima/pdfs/ft/71407/FT_71407.pdf,,3,1
307,77159,MONTELUKAST RATIOPHARM 4 MG GRANULADO EFG,MONTELUKAST SODICO,Teva Pharma S.L.U.,Teva Pharma S.L.U.,696875,4 mg,SOLUCIÓN/SUSPENSIÓN ORAL,1360882800000,1756394530000.0,VÍA ORAL,False,True,True,False,False,False,False,https://cima.aemps.es/cima/pdfs/ft/77159/FT_77159.pdf,,3,1
308,75381,MONTELUKAST SUN 10 mg COMPRIMIDOS RECUBIERTOS CON PELICULA EFG,MONTELUKAST SODICO,Sun Pharmaceutical Industries (Europe) B.V.,Sun Pharma Laboratorios S.L.,687439,10 MG,COMPRIMIDO,1328223600000,,VÍA ORAL,True,True,True,False,False,False,False,https://cima.aemps.es/cima/pdfs/ft/75381/FT_75381.pdf,,3,1
309,85536,MONTELUKAST TARBIS FARMA 10 MG COMPRIMIDOS RECUBIERTOS CON PELICULA EFG,MONTELUKAST SODICO,Tarbis Farma S.L.,Tarbis Farma S.L.,729645,10 mg,COMPRIMIDO,1607532671000,,VÍA ORAL,True,True,True,False,False,False,False,https://cima.aemps.es/cima/pdfs/ft/85536/FT_85536.pdf,,3,1
310,70898,MONTELUKAST TARBIS 10 mg COMPRIMIDOS RECUBIERTOS CON PELICULA EFG,MONTELUKAST SODICO,Tarbis Farma S.L.,Tarbis Farma S.L.,662869,10 mg,COMPRIMIDO,1241560800000,,VÍA ORAL,False,True,True,False,False,False,False,https://cima.aemps.es/cima/pdfs/ft/70898/FT_70898.pdf,,3,1
311,71411,MONTELUKAST TARBIS 4 mg COMPRIMIDOS MASTICABLES EFG,MONTELUKAST SODICO,Tarbis Farma S.L.,Tarbis Farma S.L.,663999,4 mg / comprimido,COMPRIMIDO MASTICABLE,1254175200000,,VÍA ORAL,False,True,True,False,False,False,False,https://cima.aemps.es/cima/pdfs/ft/71411/FT_71411.pdf,,3,1
312,71410,MONTELUKAST TARBIS 5 mg COMPRIMIDOS MASTICABLES EFG,MONTELUKAST SODICO,Tarbis Farma S.L.,Tarbis Farma S.L.,663995,5 mg,COMPRIMIDO MASTICABLE,1254175200000,,VÍA ORAL,False,True,True,False,False,False,False,https://cima.aemps.es/cima/pdfs/ft/71410/FT_71410.pdf,,3,1
313,70888,MONTELUKAST TEVA 10 mg COMPRIMIDOS RECUBIERTOS CON PELICULA EFG,MONTELUKAST SODICO,Teva Pharma S.L.U.,Teva Pharma S.L.U.,662909,10 mg,COMPRIMIDO,1241474400000,,VÍA ORAL,True,True,True,False,False,False,False,https://cima.aemps.es/cima/pdfs/ft/70888/FT_70888.pdf,,3,1
314,70423,MONTELUKAST TEVA 4 mg COMPRIMIDOS MASTICABLES EFG,MONTELUKAST SODICO,Teva Pharma S.L.U.,Teva Pharma S.L.U.,662910,4 mg,COMPRIMIDO MASTICABLE,1241474400000,,VÍA ORAL,True,True,True,False,False,False,False,https://cima.aemps.es/cima/pdfs/ft/70423/FT_70423.pdf,,3,1
315,74856,MONTELUKAST TEVA 4 mg GRANULADO EFG,MONTELUKAST SODICO,Teva Pharma S.L.U.,Teva Pharma S.L.U.,684927,4 mg,SOLUCIÓN/SUSPENSIÓN ORAL,1336428000000,,VÍA ORAL,True,True,True,False,False,False,False,https://cima.aemps.es/cima/pdfs/ft/74856/FT_74856.pdf,,3,1
316,70424,MONTELUKAST TEVA 5 mg COMPRIMIDOS MASTICABLES EFG,MONTELUKAST SODICO,Teva Pharma S.L.U.,Teva Pharma S.L.U.,662911,5 mg,COMPRIMIDO MASTICABLE,1241388000000,,VÍA ORAL,True,True,True,False,False,False,False,https://cima.aemps.es/cima/pdfs/ft/70424/FT_70424.pdf,,3,1
317,76467,MONTELUKAST TEVA-RATIOPHARM 10 MG COMPRIMIDOS RECUBIERTOS CON PELICULA EFG,MONTELUKAST SODICO,Teva Pharma S.L.U.,Teva Pharma S.L.U.,693137,10 mg,COMPRIMIDO,1347573600000,,VÍA ORAL,True,True,True,False,False,False,False,https://cima.aemps.es/cima/pdfs/ft/76467/FT_76467.pdf,,3,1
318,76680,MONTELUKAST TEVA-RATIOPHARM 4 MG COMPRIMIDOS MASTICABLES EFG,MONTELUKAST SODICO,Teva Pharma S.L.U.,Teva Pharma S.L.U.,694138,4 mg,COMPRIMIDO MASTICABLE,1351465200000,,VÍA ORAL,True,True,True,False,False,False,False,https://cima.aemps.es/cima/pdfs/ft/76680/FT_76680.pdf,,3,1
319,76681,MONTELUKAST TEVA-RATIOPHARM 5 MG COMPRIMIDOS MASTICABLES EFG,MONTELUKAST SODICO,Teva Pharma S.L.U.,Teva Pharma S.L.U.,694139,5 mg,COMPRIMIDO MASTICABLE,1351465200000,,VÍA ORAL,True,True,True,False,False,False,False,https://cima.aemps.es/cima/pdfs/ft/76681/FT_76681.pdf,,3,1
320,74280,MONTELUKAST UR 10 mg COMPRIMIDOS RECUBIERTOS CON PELICULA EFG,MONTELUKAST SODICO,Aristo Pharma Iberia S.L.,Aristo Pharma Iberia S.L.,681407,10 mg,COMPRIMIDO,1308607200000,,VÍA ORAL,True,True,True,False,False,False,False,https://cima.aemps.es/cima/pdfs/ft/74280/FT_74280.pdf,,3,1
321,74284,MONTELUKAST UR 4 mg COMPRIMIDOS MASTICABLES EFG,MONTELUKAST SODICO,Amneal Pharma Spain S.L.,Aristo Pharma Iberia S.L.,681409,4 mg,COMPRIMIDO MASTICABLE,1308607200000,1721738401000.0,VÍA ORAL,False,True,True,False,False,False,False,https://cima.aemps.es/cima/pdfs/ft/74284/FT_74284.pdf,,3,1
322,74285,MONTELUKAST UR 5 mg COMPRIMIDOS MASTICABLES EFG,MONTELUKAST SODICO,Amneal Pharma Spain S.L.,Aristo Pharma Iberia S.L.,681410,5 mg,COMPRIMIDO MASTICABLE,1308607200000,1721738402000.0,VÍA ORAL,False,True,True,False,False,False,False,https://cima.aemps.es/cima/pdfs/ft/74285/FT_74285.pdf,,3,1
323,78255,MONTELUKAST VIR 10 MG COMPRIMIDOS RECUBIERTOS CON PELICULA EFG,MONTELUKAST SODICO,Industria Quimica Y Farmaceutica Vir S.A.,Industria Quimica Y Farmaceutica Vir S.A.,700749,10 MG,COMPRIMIDO,1386083018000,,VÍA ORAL,True,True,True,False,False,False,False,https://cima.aemps.es/cima/pdfs/ft/78255/FT_78255.pdf,,3,1
324,78206,MONTELUKAST VIR 4 MG COMPRIMIDOS MASTICABLES EFG,MONTELUKAST SODICO,Industria Quimica Y Farmaceutica Vir S.A.,Industria Quimica Y Farmaceutica Vir S.A.,700397,4 MG,COMPRIMIDO MASTICABLE,1385041662000,,VÍA ORAL,True,True,True,False,False,False,False,https://cima.aemps.es/cima/pdfs/ft/78206/FT_78206.pdf,,3,1
325,78207,MONTELUKAST VIR 5 MG COMPRIMIDOS MASTICABLES EFG,MONTELUKAST SODICO,Industria Quimica Y Farmaceutica Vir S.A.,Industria Quimica Y Farmaceutica Vir S.A.,700398,5 MG,COMPRIMIDO MASTICABLE,1385041658000,,VÍA ORAL,True,True,True,False,False,False,False,https://cima.aemps.es/cima/pdfs/ft/78207/FT_78207.pdf,,3,1
326,83764,MONTELUKAST VISO FARMACEUTICA 4 MG COMPRIMIDOS MASTICABLES EFG,MONTELUKAST SODICO,Glenmark Arzneimittel Gmbh,Viso Farmaceutica S.L.U.,724555,4 mg,COMPRIMIDO MASTICABLE,1553106864000,1673617797000.0,VÍA ORAL,False,True,True,False,False,False,False,https://cima.aemps.es/cima/pdfs/ft/83764/FT_83764.pdf,,3,1
327,83763,MONTELUKAST VISO FARMACEUTICA 5 MG COMPRIMIDOS MASTICABLES EFG,MONTELUKAST SODICO,Glenmark Arzneimittel Gmbh,Viso Farmaceutica S.L.U.,724550,5 mg,COMPRIMIDO MASTICABLE,1553106863000,1673617795000.0,VÍA ORAL,False,True,True,False,False,False,False,https://cima.aemps.es/cima/pdfs/ft/83763/FT_83763.pdf,,3,1
328,65536,NOVOPULM NOVOLIZER 200 microgramos POLVO PARA INHALACION,BUDESONIDA,Viatris Healthcare Limited,Viatris Pharmaceuticals S.L.,945493,200 microgramos budesonida,INHALACIÓN PULMONAR,1063231200000,,VÍA INHALATORIA,True,True,False,False,False,False,False,https://cima.aemps.es/cima/pdfs/ft/65536/FT_65536.pdf,,3,1
329,67103,NOVOPULM NOVOLIZER 400 microgramos POLVO PARA INHALACION,BUDESONIDA,Viatris Healthcare Limited,Viatris Pharmaceuticals S.L.,652284,400 microgramos budesonida,INHALACIÓN PULMONAR,1128895200000,,VÍA INHALATORIA,True,True,False,False,False,False,False,https://cima.aemps.es/cima/pdfs/ft/67103/FT_67103.pdf,,3,1
330,1151043001,NUCALA 100 MG POLVO PARA SOLUCION INYECTABLE,MEPOLIZUMAB,Glaxosmithkline Trading Services Limited,Glaxosmithkline S.A.,709251,100 mg,INYECTABLE,1450306800000,,VÍA SUBCUTÁNEA,False,True,False,False,False,False,False,https://cima.aemps.es/cima/pdfs/ft/1151043001/FT_1151043001.pdf,,3,1
331,1241817002,OMLYCLO 150 MG SOLUCION INYECTABLE EN JERINGA PRECARGADA,OMALIZUMAB,Celltrion Healthcare Hungary Kft.,Celltrion Farmacéutica (España) S.L.,765686,150 mg,INYECTABLE,1725626059000,,VÍA SUBCUTÁNEA,True,True,False,False,True,False,True,https://cima.aemps.es/cima/pdfs/ft/1241817002/FT_1241817002.pdf,,3,1
332,1241817006,OMLYCLO 150 MG SOLUCION INYECTABLE EN PLUMA PRECARGADA,OMALIZUMAB,Celltrion Healthcare Hungary Kft.,Celltrion Farmacéutica (España) S.L.,768001,150 mg,INYECTABLE,1750934324000,,VÍA SUBCUTÁNEA,True,True,False,False,True,False,True,https://cima.aemps.es/cima/pdfs/ft/1241817006/FT_1241817006.pdf,,3,1
333,1241817014,OMLYCLO 300 MG SOLUCION INYECTABLE EN JERINGA PRECARGADA,OMALIZUMAB,Celltrion Healthcare Hungary Kft.,Celltrion Farmacéutica (España) S.L.,770196,300 mg,INYECTABLE,1774340771000,,VÍA SUBCUTÁNEA,False,True,False,False,True,False,True,https://cima.aemps.es/cima/pdfs/ft/1241817014/FT_1241817014.pdf,,3,1
334,1241817018,OMLYCLO 300 MG SOLUCION INYECTABLE EN PLUMA PRECARGADA,OMALIZUMAB,Celltrion Healthcare Hungary Kft.,Celltrion Farmacéutica (España) S.L.,770507,300 mg,INYECTABLE,1778588655000,,VÍA SUBCUTÁNEA,False,True,False,False,True,False,True,https://cima.aemps.es/cima/pdfs/ft/1241817018/FT_1241817018.pdf,,3,1
335,1241817001,OMLYCLO 75 MG SOLUCION INYECTABLE EN JERINGA PRECARGADA,OMALIZUMAB,Celltrion Healthcare Hungary Kft.,Celltrion Farmacéutica (España) S.L.,765685,75 MG,INYECTABLE,1725626059000,,VÍA SUBCUTÁNEA,True,True,False,False,True,False,True,https://cima.aemps.es/cima/pdfs/ft/1241817001/FT_1241817001.pdf,,3,1
336,1241817005,OMLYCLO 75 MG SOLUCION INYECTABLE EN PLUMA PRECARGADA,OMALIZUMAB,Celltrion Healthcare Hungary Kft.,Celltrion Farmacéutica (España) S.L.,768002,75 mg,INYECTABLE,1750934316000,,VÍA SUBCUTÁNEA,False,True,False,False,True,False,True,https://cima.aemps.es/cima/pdfs/ft/1241817005/FT_1241817005.pdf,,3,1
337,84003,PAIDOCORT 3 MG/ML SOLUCION ORAL,PREDNISOLONA FOSFATO SODIO,Laboratorio Aldo Union S.L.,Laboratorio Aldo Union S.L.,725289,4 mg/ml,SOLUCIÓN/SUSPENSIÓN ORAL,1554276363000,,VÍA ORAL,True,True,False,False,False,False,False,https://cima.aemps.es/cima/pdfs/ft/84003/FT_84003.pdf,,3,1
338,90179,PLURALAIS 10 MG CAPSULAS DURAS EFG,MONTELUKAST SODICO,Laboratorios Alter S.A.,Laboratorios Alter S.A.,767037,10 mg,CAPSULA,1740491050000,,VÍA ORAL,True,True,True,False,False,False,False,https://cima.aemps.es/cima/pdfs/ft/90179/FT_90179.pdf,,3,1
339,70232,PLURALAIS 10 mg COMPRIMIDOS RECUBIERTOS CON PELICULA EFG,MONTELUKAST SODICO,Laboratorios Alter S.A.,Laboratorios Alter S.A.,661855,10 mg,COMPRIMIDO,1226271600000,,VÍA ORAL,True,True,True,False,False,False,False,https://cima.aemps.es/cima/pdfs/ft/70232/FT_70232.pdf,,3,1
340,71409,PLURALAIS 4 mg COMPRIMIDOS MASTICABLES EFG,MONTELUKAST SODICO,Laboratorios Alter S.A.,Laboratorios Alter S.A.,663993,4 mg,COMPRIMIDO MASTICABLE,1254175200000,,VÍA ORAL,True,True,True,False,False,False,False,https://cima.aemps.es/cima/pdfs/ft/71409/FT_71409.pdf,,3,1
341,71408,PLURALAIS 5 mg COMPRIMIDOS MASTICABLES EFG,MONTELUKAST SODICO,Laboratorios Alter S.A.,Laboratorios Alter S.A.,663990,5 mg,COMPRIMIDO MASTICABLE,1254175200000,,VÍA ORAL,True,True,True,False,False,False,False,https://cima.aemps.es/cima/pdfs/ft/71408/FT_71408.pdf,,3,1
342,38501,PREDNISONA ALONGA 10 mg COMPRIMIDOS,PREDNISONA,Cheplapharm Arzneimittel Gmbh,Laboratorios Rubio S.A.,809657,10 mg prednisona,COMPRIMIDO,-226198800000,1703236679000.0,VÍA ORAL,False,True,False,False,False,False,False,https://cima.aemps.es/cima/pdfs/ft/38501/FT_38501.pdf,,3,1
343,29724,PREDNISONA ALONGA 5 mg COMPRIMIDOS,PREDNISONA,Cheplapharm Arzneimittel Gmbh,Laboratorios Rubio S.A.,809681,5 mg prednisona,COMPRIMIDO,-363056400000,1717416985000.0,VÍA ORAL,False,True,False,False,False,False,False,https://cima.aemps.es/cima/pdfs/ft/29724/FT_29724.pdf,,3,1
344,58336,PREDNISONA ALONGA 50 mg COMPRIMIDOS,PREDNISONA,Cheplapharm Arzneimittel Gmbh,Laboratorios Rubio S.A.,989392,50 mg prednisona,COMPRIMIDO,623199600000,1705331559000.0,VÍA ORAL,False,True,False,False,False,False,False,https://cima.aemps.es/cima/pdfs/ft/58336/FT_58336.pdf,,3,1
345,70107,PREDNISONA KERN PHARMA 10 mg COMPRIMIDOS,PREDNISONA,Kern Pharma S.L.,Kern Pharma S.L.,661560,10 mg,COMPRIMIDO,1222725600000,,VÍA ORAL,True,True,False,False,False,False,False,https://cima.aemps.es/cima/pdfs/ft/70107/FT_70107.pdf,,3,1
346,70108,PREDNISONA KERN PHARMA 30 mg COMPRIMIDOS EFG,PREDNISONA,Kern Pharma S.L.,Kern Pharma S.L.,672067,30 mg,COMPRIMIDO,1222725600000,,VÍA ORAL,True,True,True,False,False,False,False,https://cima.aemps.es/cima/pdfs/ft/70108/FT_70108.pdf,,3,1
347,70106,PREDNISONA KERN PHARMA 5 mg COMPRIMIDOS EFG,PREDNISONA,Kern Pharma S.L.,Kern Pharma S.L.,661558,5 mg,COMPRIMIDO,1222725600000,,VÍA ORAL,True,True,True,False,False,False,False,https://cima.aemps.es/cima/pdfs/ft/70106/FT_70106.pdf,,3,1
348,70163,PREDNISONA PENSA 10 mg COMPRIMIDOS,PREDNISONA,Towa Pharmaceutical S.A.,Towa Pharmaceutical S.A.,661677,10 MG,COMPRIMIDO,1224540000000,,VÍA ORAL,True,True,True,False,False,False,False,https://cima.aemps.es/cima/pdfs/ft/70163/FT_70163.pdf,,3,1
349,70164,PREDNISONA PENSA 30 mg COMPRIMIDOS EFG,PREDNISONA,Towa Pharmaceutical S.A.,Towa Pharmaceutical S.A.,661679,30 MG,COMPRIMIDO,1224540000000,,VÍA ORAL,True,True,True,False,False,False,False,https://cima.aemps.es/cima/pdfs/ft/70164/FT_70164.pdf,,3,1
350,70162,PREDNISONA PENSA 5 mg COMPRIMIDOS EFG,PREDNISONA,Towa Pharmaceutical S.A.,Towa Pharmaceutical S.A.,661675,5 mg,COMPRIMIDO,1224540000000,,VÍA ORAL,True,True,True,False,False,False,False,https://cima.aemps.es/cima/pdfs/ft/70162/FT_70162.pdf,,3,1
351,75641,PREDNISONA TARBIS 10 mg COMPRIMIDOS,PREDNISONA,Tarbis Farma S.L.,Tarbis Farma S.L.,688701,10 mg prednisona/comprimido,COMPRIMIDO,1332198000000,,VÍA ORAL,True,True,False,False,False,False,False,https://cima.aemps.es/cima/pdfs/ft/75641/FT_75641.pdf,,3,1
352,75634,"PREDNISONA TARBIS 2,5 mg COMPRIMIDOS EFG",PREDNISONA,Tarbis Farma S.L.,Tarbis Farma S.L.,688679,"2,5 mg prednisona/comprimido",COMPRIMIDO,1332198000000,,VÍA ORAL,True,True,True,False,False,False,False,https://cima.aemps.es/cima/pdfs/ft/75634/FT_75634.pdf,,3,1
353,75677,PREDNISONA TARBIS 30 mg COMPRIMIDOS EFG,PREDNISONA,Tarbis Farma S.L.,Tarbis Farma S.L.,688761,30 mg prednisona/comprimido,COMPRIMIDO,1332370800000,,VÍA ORAL,True,True,True,False,False,False,False,https://cima.aemps.es/cima/pdfs/ft/75677/FT_75677.pdf,,3,1
354,75640,PREDNISONA TARBIS 5 mg COMPRIMIDOS EFG,PREDNISONA,Tarbis Farma S.L.,Tarbis Farma S.L.,688695,5 mg prednisona/comprimido,COMPRIMIDO,1332198000000,,VÍA ORAL,True,True,True,False,False,False,False,https://cima.aemps.es/cima/pdfs/ft/75640/FT_75640.pdf,,3,1
355,69271,PROVOCHOLINE 100 MG POLVO PARA SOLUCIÓN PARA INHALACION POR NEBULIZADOR,METACOLINA HIDROCLORURO,Diater Laboratorio De Diagnostico Y Aplicaciones Terapeuticas S.A.,Diater Laboratorio De Diagnostico Y Aplicaciones Terapeuticas S.A.,659872,100 mg,INHALACIÓN PULMONAR,1190152800000,,VÍA INHALATORIA,True,True,False,False,False,False,False,https://cima.aemps.es/cima/pdfs/ft/69271/FT_69271.pdf,,3,1
356,84018,RECTODELT 100 MG SUPOSITORIOS EFG,PREDNISONA,Mibe Pharma España S.L.U.,Mibe Pharma España S.L.U.,725321,100 mg,SUPOSITORIO,1568024211000,,VÍA RECTAL,False,True,True,False,False,False,False,https://cima.aemps.es/cima/pdfs/ft/84018/FT_84018.pdf,,3,1
357,90819,SALBUTAMOL GLENMARK 100 MICROGRAMOS/PULSACION SUSPENSION PARA INHALACION EN ENVASE A PRESION,SALBUTAMOL SULFATO,Glenmark Arzneimittel Gmbh,Glenmark Farmaceutica S.L.U,769315,100 microgramos/pulsación,INHALACIÓN PULMONAR,1770376157000,,VÍA INHALATORIA,False,True,False,False,False,False,False,https://cima.aemps.es/cima/pdfs/ft/90819/FT_90819.pdf,,3,1
358,89256,"SALBUTAMOL NEUTEC 2,5 MG SOLUCION PARA INHALACION POR NEBULIZADOR",SALBUTAMOL SULFATO,Neutec Inhaler Ireland Limited,Neutec Inhaler Ireland Limited,764081,"2,5 mg/2,5 ml",INHALACIÓN PULMONAR,1711537046000,,VÍA INHALATORIA,False,True,False,False,False,False,False,https://cima.aemps.es/cima/pdfs/ft/89256/FT_89256.pdf,,3,1
359,70869,SALBUTAMOL SANDOZ 100 microgramos/DOSIS SUSPENSION PARA INHALACION EN ENVASE A PRESION,SALBUTAMOL SULFATO,Sandoz Farmaceutica S.A.,Sandoz Farmaceutica S.A.,664251,100 MCG (SALBUTAMOL)/DOSIS,INHALACIÓN PULMONAR,1258498800000,1764930120000.0,VÍA INHALATORIA,False,True,False,False,False,False,False,https://cima.aemps.es/cima/pdfs/ft/70869/FT_70869.pdf,,3,1
360,83799,SALFLUCOMBI EASYHALER 50 MICROGRAMOS/500 MICROGRAMOS/INHALACION POLVO PARA INHALACION,"SALMETEROL XINAFOATO, FLUTICASONA PROPIONATO",Orion Corporation,Orion Pharma S.L.,724686,50 microgram/500 microgram µg/dose,INHALACIÓN PULMONAR,1548923251000,1657714989000.0,VÍA INHALATORIA,False,True,False,False,False,False,False,https://cima.aemps.es/cima/pdfs/ft/83799/FT_83799.pdf,,3,2
361,81181,SALMETEROL/FLUTICASONA CIPLA 25 MICROGRAMOS/125 MICROGRAMOS/INHALACION SUSPENSION PARA INHALACION EN ENVASE A PRESION,"SALMETEROL XINAFOATO, FLUTICASONA PROPIONATO",Cipla Europe,Cipla Europe Nv Sucursal En Espana,712329,25 microgramos/125 microgramos,INHALACIÓN PULMONAR,1472508000000,,VÍA INHALATORIA,True,True,False,False,False,False,False,https://cima.aemps.es/cima/pdfs/ft/81181/FT_81181.pdf,,3,2
362,81182,SALMETEROL/FLUTICASONA CIPLA 25 MICROGRAMOS/250 MICOGRAMOS/INHALACION SUSPENSION PARA INHALACION EN ENVASE A PRESION,"SALMETEROL XINAFOATO, FLUTICASONA PROPIONATO",Cipla Europe,Cipla Europe Nv Sucursal En Espana,712330,25 microgramos/250 microgramos,INHALACIÓN PULMONAR,1472508000000,,VÍA INHALATORIA,True,True,False,False,False,False,False,https://cima.aemps.es/cima/pdfs/ft/81182/FT_81182.pdf,,3,2
363,81790,"SALMETEROL/FLUTICASONA CIPLA 50 MICROGRAMOS/250 MICROGRAMOS/INHALACION, POLVO PARA INHALACION (UNIDOSIS)","SALMETEROL XINAFOATO, FLUTICASONA PROPIONATO",Cipla Europe N.V.,Cipla Europe Nv Sucursal En Espana,714997,50 µg/250 µg,INHALACIÓN PULMONAR,1487631600000,,VÍA INHALATORIA,True,True,False,False,False,False,False,https://cima.aemps.es/cima/pdfs/ft/81790/FT_81790.pdf,,3,2
364,81791,"SALMETEROL/FLUTICASONA CIPLA 50 MICROGRAMOS/500 MICROGRAMOS/INHALACION, POLVO PARA INHALACION (UNIDOSIS)","SALMETEROL XINAFOATO, FLUTICASONA PROPIONATO",Cipla Europe N.V.,Cipla Europe Nv Sucursal En Espana,715006,50 μg/500 μg,INHALACIÓN PULMONAR,1487631600000,,VÍA INHALATORIA,True,True,False,False,False,False,False,https://cima.aemps.es/cima/pdfs/ft/81791/FT_81791.pdf,,3,2
365,85800,SALMETEROL/FLUTICASONA QUASSET 25 MICROGRAMOS/125 MICROGRAMOS/INHALACION SUSPENSION PARA INHALACION EN ENVASE A PRESION,"SALMETEROL XINAFOATO, FLUTICASONA PROPIONATO",Qualitecfarma Regulatory & Business Strategies S.L.,Qualitecfarma Regulatory & Business Strategies S.L.,730458,25 microgramos/125 microgramos,INHALACIÓN PULMONAR,1614078302000,1702548441000.0,VÍA INHALATORIA,False,True,False,False,False,False,False,https://cima.aemps.es/cima/pdfs/ft/85800/FT_85800.pdf,,3,2
366,85801,SALMETEROL/FLUTICASONA QUASSET 25 MICROGRAMOS/250 MICROGRAMOS/INHALACION SUSPENSION PARA INHALACION EN ENVASE A PRESION,"SALMETEROL XINAFOATO, FLUTICASONA PROPIONATO",Qualitecfarma Regulatory & Business Strategies S.L.,Qualitecfarma Regulatory & Business Strategies S.L.,730459,25 microgramos/250 microgramos,INHALACIÓN PULMONAR,1614078446000,1702548444000.0,VÍA INHALATORIA,False,True,False,False,False,False,False,https://cima.aemps.es/cima/pdfs/ft/85801/FT_85801.pdf,,3,2
367,1211533001,"SEFFALAIR SPIROMAX 12,75 microgramos/100 microgramos POLVO PARA INHALACION","SALMETEROL XINAFOATO, FLUTICASONA PROPIONATO",Teva B.V.,Teva Pharma S.L.U.,730928,"12,75 microgramos/100 microgramos",INHALACIÓN PULMONAR,1621951261000,,VÍA INHALATORIA,True,True,False,False,False,False,False,https://cima.aemps.es/cima/pdfs/ft/1211533001/FT_1211533001.pdf,,3,2
368,1211533003,SEFFALAIR SPIROMAX 12.75 microgramos/202 microgramos POLVO PARA INHALACION,"SALMETEROL XINAFOATO, FLUTICASONA PROPIONATO",Teva B.V.,Teva Pharma S.L.U.,730997,"12,75 microgramos/202 microgramos",INHALACIÓN PULMONAR,1621951262000,,VÍA INHALATORIA,True,True,False,False,False,False,False,https://cima.aemps.es/cima/pdfs/ft/1211533003/FT_1211533003.pdf,,3,2
369,83247,SOLTEL 25 MICROGRAMOS/INHALACION SUSPENSION PARA INHALACION EN ENVASE A PRESION,SALMETEROL XINAFOATO,Cipla Europe N.V.,Cipla Europe Nv Sucursal En Espana,722187,25 microgramos,INHALACIÓN PULMONAR,1553554800000,,VÍA INHALATORIA,True,True,False,False,False,False,False,https://cima.aemps.es/cima/pdfs/ft/83247/FT_83247.pdf,,3,1
370,53203,SOLU-MODERIN 1 G POLVO Y DISOLVENTE PARA SOLUCIÓN INYECTABLE,METILPREDNISOLONA,Pfizer S.L.,Pfizer S.L.,882662,1 g metilprednisolona,INYECTABLE,191977200000,,VÍA INTRAMUSCULAR,True,True,False,False,False,False,False,https://cima.aemps.es/cima/pdfs/ft/53203/FT_53203.pdf,,3,1
371,49768,SOLU-MODERIN 125 MG POLVO Y DISOLVENTE PARA SOLUCIÓN INYECTABLE,METILPREDNISOLONA,Pfizer S.L.,Pfizer S.L.,825539,125 mg metilprednisolona,INYECTABLE,63068400000,,VÍA INTRAMUSCULAR,True,True,False,False,False,False,False,https://cima.aemps.es/cima/pdfs/ft/49768/FT_49768.pdf,,3,1
372,49767,SOLU-MODERIN 40 MG POLVO Y DISOLVENTE PARA SOLUCIÓN INYECTABLE,METILPREDNISOLONA,Pfizer S.L.,Pfizer S.L.,825554,40 mg metilprednisolona,INYECTABLE,63068400000,1637236057000.0,VÍA INTRAMUSCULAR,False,True,False,False,False,False,False,https://cima.aemps.es/cima/pdfs/ft/49767/FT_49767.pdf,,3,1
373,53202,SOLU-MODERIN 500 MG POLVO Y DISOLVENTE PARA SOLUCIÓN INYECTABLE,METILPREDNISOLONA,Pfizer S.L.,Pfizer S.L.,882654,500 mg metilprednisolona,INYECTABLE,191977200000,,VÍA INTRAMUSCULAR,True,True,False,False,False,False,False,https://cima.aemps.es/cima/pdfs/ft/53202/FT_53202.pdf,,3,1
374,54883,"TERBASMIN EXPECTORANTE 0,3 mg/ml + 13,3 mg/ml SOLUCION ORAL","TERBUTALINA SULFATO, GUAIFENESINA",Laboratorios Ern S.A.,Laboratorios Ern S.A.,929653,"0,03 g / 1,33 g",SOLUCIÓN/SUSPENSIÓN ORAL,307580400000,,VÍA ORAL,True,True,False,False,False,False,False,https://cima.aemps.es/cima/pdfs/ft/54883/FT_54883.pdf,,3,2
375,52616,"TERBASMIN 0,3 mg/ml SOLUCION ORAL",TERBUTALINA SULFATO,Laboratorios Ern S.A.,Laboratorios Ern S.A.,700608,"0,03 g",SOLUCIÓN/SUSPENSIÓN ORAL,165538800000,,VÍA ORAL,True,True,False,False,False,False,False,https://cima.aemps.es/cima/pdfs/ft/52616/FT_52616.pdf,,3,1
376,31900,TEROMOL RETARD 300 MG COMPRIMIDOS DE LIBERACIÓN PROLONGADA,TEOFILINA ANHIDRA,Laboratorio Aldo Union S.L.,Laboratorio Aldo Union S.L.,936781,300 mg,COMPRIMIDO LIBERACION MODIFICADA,-334112400000,,VÍA ORAL,True,True,False,True,False,False,False,https://cima.aemps.es/cima/pdfs/ft/31900/FT_31900.pdf,,3,1
377,56199,THEO-DUR 100 mg COMPRIMIDOS DE LIBERACION PROLONGADA,TEOFILINA ANHIDRA,Vegal Farmaceutica S.L.,Vegal Farmaceutica S.L.,656693,100 mg,COMPRIMIDO LIBERACION MODIFICADA,444438000000,,VÍA ORAL,True,True,False,True,False,False,False,https://cima.aemps.es/cima/pdfs/ft/56199/FT_56199.pdf,,3,1
378,56165,THEO-DUR 200 mg COMPRIMIDOS DE LIBERACION PROLONGADA,TEOFILINA ANHIDRA,Vegal Farmaceutica S.L.,Vegal Farmaceutica S.L.,656713,200 mg,COMPRIMIDO LIBERACION MODIFICADA,444438000000,,VÍA ORAL,True,True,False,True,False,False,False,https://cima.aemps.es/cima/pdfs/ft/56165/FT_56165.pdf,,3,1
379,56166,THEO-DUR 300 mg COMPRIMIDOS DE LIBERACION PROLONGADA,TEOFILINA ANHIDRA,Vegal Farmaceutica S.L.,Vegal Farmaceutica S.L.,958215,300 mg,COMPRIMIDO LIBERACION MODIFICADA,444438000000,,VÍA ORAL,True,True,False,True,False,False,False,https://cima.aemps.es/cima/pdfs/ft/56166/FT_56166.pdf,,3,1
380,59123,URBASON 16 mg COMPRIMIDOS,METILPREDNISOLONA,Fidia Farmaceutici S.P.A.,Laboratorios Fidia Farmaceutica S.L.,863167,16 mg,COMPRIMIDO,688950000000,,VÍA ORAL,True,True,False,False,False,False,False,https://cima.aemps.es/cima/pdfs/ft/59123/FT_59123.pdf,,3,1
381,34022,URBASON 20 mg POLVO Y DISOLVENTE PARA SOLUCION INYECTABLE,METILPREDNISOLONA,Fidia Farmaceutici S.P.A.,Laboratorios Fidia Farmaceutica S.L.,691261,20 mg,INYECTABLE,-302490000000,,VÍA INTRAMUSCULAR,True,True,False,False,False,False,False,https://cima.aemps.es/cima/pdfs/ft/34022/FT_34022.pdf,,3,1
382,50537,URBASON 250 mg POLVO Y DISOLVENTE PARA SOLUCION INYECTABLE O PARA PERFUSION,METILPREDNISOLONA,Fidia Farmaceutici S.P.A.,Laboratorios Fidia Farmaceutica S.L.,842435,250 mg,INYECTABLE,84150000000,,VÍA INTRAMUSCULAR,True,True,False,False,False,False,False,https://cima.aemps.es/cima/pdfs/ft/50537/FT_50537.pdf,,3,1
383,32729,URBASON 4 mg COMPRIMIDOS,METILPREDNISOLONA,Fidia Farmaceutici S.P.A.,Laboratorios Fidia Farmaceutica S.L.,842492,4 mg,COMPRIMIDO,-326163600000,,VÍA ORAL,True,True,False,False,False,False,False,https://cima.aemps.es/cima/pdfs/ft/32729/FT_32729.pdf,,3,1
384,59124,URBASON 40 mg COMPRIMIDOS,METILPREDNISOLONA,Fidia Farmaceutici S.P.A.,Laboratorios Fidia Farmaceutica S.L.,893586,40 mg,COMPRIMIDO,688950000000,,VÍA ORAL,True,True,False,False,False,False,False,https://cima.aemps.es/cima/pdfs/ft/59124/FT_59124.pdf,,3,1
385,34023,URBASON 40 mg POLVO Y DISOLVENTE PARA SOLUCION INYECTABLE,METILPREDNISOLONA,Fidia Farmaceutici S.P.A.,Laboratorios Fidia Farmaceutica S.L.,691253,40 mg,INYECTABLE,-302490000000,,VÍA INTRAMUSCULAR,True,True,False,False,False,False,False,https://cima.aemps.es/cima/pdfs/ft/34023/FT_34023.pdf,,3,1
386,34021,URBASON 8 mg POLVO Y DISOLVENTE PARA SOLUCION INYECTABLE,METILPREDNISOLONA,Fidia Farmaceutici S.P.A.,Laboratorios Fidia Farmaceutica S.L.,691246,8 mg,INYECTABLE,-302490000000,,VÍA INTRAMUSCULAR,True,True,False,False,False,False,False,https://cima.aemps.es/cima/pdfs/ft/34021/FT_34021.pdf,,3,1
387,66408,VENTILASTIN NOVOLIZER 100 microgramos/DOSIS POLVO PARA INHALACION,SALBUTAMOL SULFATO,Mylan Ire Healthcare Limited,Mylan Pharmaceuticals S.L.,656705,100 mcg salbutamol sulfato,INHALACIÓN PULMONAR,1098741600000,1703672059000.0,VÍA INHALATORIA,False,True,False,False,False,False,False,https://cima.aemps.es/cima/pdfs/ft/66408/FT_66408.pdf,,3,1
388,52404,VENTOALDO 100 mcg/DOSIS SUSPENSION PARA INHALACION EN ENVASE A PRESION,SALBUTAMOL SULFATO,Laboratorio Aldo Union S.L.,Laboratorio Aldo Union S.L.,652530,"0,2400 g",INHALACIÓN PULMONAR,136591200000,,VÍA INHALATORIA,True,True,False,False,False,False,False,https://cima.aemps.es/cima/pdfs/ft/52404/FT_52404.pdf,,3,1
389,55497,VENTODUO 100 MICROGRAMOS/50 MICROGRAMOS/PULSACIÓN SUSPENSIÓN PARA INHALACIÓN EN ENVASE A PRESIÓN,"SALBUTAMOL SULFATO, BECLOMETASONA DIPROPIONATO",Laboratorio Aldo Union S.L.,Laboratorio Aldo Union S.L.,700656,50 microgramos/100 microgramos,INHALACIÓN PULMONAR,357516000000,,VÍA INHALATORIA,True,True,False,False,False,False,False,https://cima.aemps.es/cima/pdfs/ft/55497/FT_55497.pdf,,3,2
390,53931,"VENTOLIN 4 mg, COMPRIMIDOS",SALBUTAMOL,Glaxosmithkline S.A.,Glaxosmithkline S.A.,845735,4 mg salbutamol,COMPRIMIDO,244508400000,1699460645000.0,VÍA ORAL,False,True,False,False,False,False,False,https://cima.aemps.es/cima/pdfs/ft/53931/FT_53931.pdf,,3,1
391,05319002,XOLAIR 150 mg POLVO Y DISOLVENTE PARA SOLUCION INYECTABLE,OMALIZUMAB,Novartis Europharm Limited,Novartis Farmaceutica S.A.,652563,150 mg,INYECTABLE,1131577200000,,VÍA SUBCUTÁNEA,False,True,False,False,False,False,False,https://cima.aemps.es/cima/pdfs/ft/05319002/FT_05319002.pdf,,3,1
